# Blender 4.1.1
# www.blender.org
mtllib Kart_1.mtl
o Asiento
v -0.453574 0.858642 0.222797
v -0.453574 1.370989 0.980632
v 0.483620 0.858642 0.222797
v 0.483620 1.370989 0.980632
v -0.453574 0.725509 0.222490
v -0.453574 1.237856 1.061893
v 0.483620 0.725509 0.222490
v 0.483620 1.237856 1.061893
v -0.461352 0.633160 0.174149
v -0.461352 0.633160 0.434025
v 0.496241 0.633160 0.174149
v 0.496241 0.633160 0.434025
v -0.461352 0.010711 0.174149
v -0.461352 0.010711 0.434025
v 0.496241 0.010710 0.174149
v 0.496241 0.010710 0.434025
v -0.453574 1.370989 0.980632
v 0.483620 1.370989 0.980632
v 0.483714 1.145058 0.289192
v -0.454550 1.145476 0.287518
v 0.483578 1.111416 0.352817
v -0.454686 1.111834 0.351143
v 0.483437 1.088151 0.421916
v -0.454827 1.088570 0.420242
v 0.483296 1.076157 0.493833
v -0.454968 1.076576 0.492159
v 0.482713 1.291088 0.856661
v -0.455551 1.291506 0.854987
v 0.482727 1.350044 0.864024
v -0.455537 1.350463 0.862350
v 0.482768 1.410207 0.857214
v -0.455496 1.410626 0.855540
v 0.482835 1.469265 0.836495
v -0.455429 1.469684 0.834821
v 0.482925 1.524949 0.802661
v -0.455339 1.525368 0.800987
v 0.483035 1.575118 0.757014
v -0.455229 1.575537 0.755340
v 0.483160 1.617845 0.701308
v -0.455104 1.618263 0.699634
v 0.483296 1.651487 0.637683
v -0.454968 1.651905 0.636009
v 0.483437 1.674752 0.568584
v -0.454827 1.675170 0.566910
v 0.483578 1.686745 0.496667
v -0.454686 1.687164 0.494993
v 0.483714 1.687006 0.424696
v -0.454550 1.687425 0.423021
v 0.483839 1.675525 0.355436
v -0.454425 1.675944 0.353761
v 0.483949 1.652743 0.291548
v -0.454315 1.653161 0.289874
v -0.454437 1.184072 0.237197
v 0.483831 1.184937 0.237197
v -0.454230 1.621891 0.237087
v 0.484036 1.620481 0.237087
v -0.454378 1.309712 0.237165
v 0.483890 1.309711 0.237166
v -0.453574 1.076380 0.544864
v 0.483200 1.075974 0.544264
v -0.453574 1.284155 0.852193
v 0.482714 1.285809 0.854640
v 0.482768 1.410207 0.857214
vn -1.0000 -0.0000 -0.0000
vn 1.0000 -0.0000 -0.0000
vn -0.9990 0.0407 -0.0190
vn -0.0000 0.8284 -0.5601
vn -0.0000 0.0023 -1.0000
vn -0.0000 0.5210 0.8536
vn -0.0000 0.4638 -0.8860
vn -0.0000 -1.0000 -0.0000
vn -0.0000 -0.0000 -1.0000
vn -0.0000 -0.0000 1.0000
vn -0.0000 -0.7203 0.6937
vn 0.9974 0.0659 -0.0307
vn -0.0007 0.7935 0.6086
vn -0.0004 0.8840 0.4674
vn -0.0001 0.9477 0.3191
vn 0.0001 0.9864 0.1645
vn 0.0018 0.1239 -0.9923
vn 0.0017 -0.1125 -0.9937
vn 0.0015 -0.3311 -0.9436
vn 0.0013 -0.5193 -0.8546
vn 0.0010 -0.6730 -0.7397
vn 0.0007 -0.7935 -0.6086
vn 0.0004 -0.8840 -0.4674
vn 0.0001 -0.9477 -0.3191
vn -0.0001 -0.9864 -0.1645
vn -0.0004 -1.0000 -0.0036
vn -0.0007 -0.9865 0.1635
vn -0.0010 -0.9419 0.3359
vn -0.0013 -0.8604 0.5097
vn 0.0004 1.0000 0.0037
vn -1.0000 0.0005 -0.0019
vn 0.0018 0.3566 -0.9343
vn -0.0000 0.0003 1.0000
vn 1.0000 0.0014 0.0007
vt 0.625000 0.750000
vt 0.875000 0.750000
vt 0.625000 0.000000
vt 0.125000 0.750000
vt 0.375000 0.750000
vt 0.375000 0.250000
vt 0.625000 0.250000
vt 0.625000 0.500000
vt 0.375000 0.500000
vt 0.375000 1.000000
vt 0.625000 1.000000
vt 0.125000 0.500000
vt 0.875000 0.500000
vt 0.840729 1.000000
vt 0.812500 1.000000
vt 0.812500 0.500000
vt 0.841668 0.500000
vt 0.781250 1.000000
vt 0.781250 0.500000
vt 0.750000 1.000000
vt 0.750000 0.500000
vt 0.718750 1.000000
vt 0.718750 0.500000
vt 0.500000 0.500000
vt 0.500000 1.000000
vt 0.468750 1.000000
vt 0.468750 0.500000
vt 0.437500 1.000000
vt 0.437500 0.500000
vt 0.406250 1.000000
vt 0.406250 0.500000
vt 0.343750 1.000000
vt 0.343750 0.500000
vt 0.312500 1.000000
vt 0.312500 0.500000
vt 0.281250 1.000000
vt 0.281250 0.500000
vt 0.250000 1.000000
vt 0.250000 0.500000
vt 0.218750 1.000000
vt 0.218750 0.500000
vt 0.187500 1.000000
vt 0.187500 0.500000
vt 0.156250 1.000000
vt 0.156250 0.500000
vt 0.125000 1.000000
vt 0.094640 0.500000
vt 0.095573 1.000000
vt 0.481048 0.249888
vt 0.481246 0.000000
vt 0.750000 0.010000
vt 0.703178 0.014612
vt 0.658156 0.028269
vt 0.616663 0.050447
vt 0.580294 0.080294
vt 0.550447 0.116663
vt 0.528269 0.158156
vt 0.514612 0.203178
vt 0.510000 0.250000
vt 0.514612 0.296822
vt 0.528269 0.341844
vt 0.550447 0.383337
vt 0.580294 0.419706
vt 0.615627 0.448702
vt 0.854944 0.400090
vt 0.951030 0.380572
vt 0.971731 0.341844
vt 0.985388 0.296822
vt 0.990000 0.250000
vt 0.985388 0.203178
vt 0.975819 0.171631
vt 0.754454 0.010439
vt 0.582629 0.000000
vt 0.583437 0.249758
vt 0.000000 0.000000
s 0
usemtl Material.006
f 6/1/1 2/2/1 17/3/1 1/4/1 5/5/1
f 3/6/2 4/7/2 8/8/2 7/9/2
f 9/10/3 10/11/3 6/1/3 5/5/3
f 3/6/4 1/4/4 17/3/4 18/7/4 4/7/4
f 3/12/5 7/9/5 5/5/5 1/4/5
f 8/8/6 4/13/6 2/2/6 6/1/6
f 11/12/7 9/4/7 5/5/7 7/9/7
f 11/6/2 12/7/2 16/8/2 15/9/2
f 15/9/8 16/8/8 14/1/8 13/5/8
f 13/5/1 14/1/1 10/11/1 9/10/1
f 11/12/9 15/9/9 13/5/9 9/4/9
f 16/8/10 12/13/10 10/2/10 14/1/10
f 10/2/11 12/13/11 8/8/11 6/1/11
f 12/7/12 11/6/12 7/9/12 8/8/12
f 2/3/10 4/7/10 18/7/10 17/3/10
f 53/14/13 20/15/13 19/16/13 54/17/13
f 19/16/14 20/15/14 22/18/14 21/19/14
f 21/19/15 22/18/15 24/20/15 23/21/15
f 23/21/16 24/20/16 26/22/16 25/23/16
f 27/24/17 28/25/17 30/26/17 29/27/17
f 29/27/18 30/26/18 32/28/18 31/29/18
f 31/29/19 32/28/19 34/30/19 33/31/19
f 33/31/20 34/30/20 36/10/20 35/9/20
f 35/9/21 36/10/21 38/32/21 37/33/21
f 37/33/22 38/32/22 40/34/22 39/35/22
f 39/35/23 40/34/23 42/36/23 41/37/23
f 41/37/24 42/36/24 44/38/24 43/39/24
f 43/39/25 44/38/25 46/40/25 45/41/25
f 45/41/26 46/40/26 48/42/26 47/43/26
f 47/43/27 48/42/27 50/44/27 49/45/27
f 49/45/28 50/44/28 52/46/28 51/12/28
f 56/47/29 51/12/29 52/46/29 55/48/29
f 60/49/30 25/23/30 26/22/30 59/50/30
f 27/51/31 29/52/31 31/53/31 33/54/31 35/55/31 37/56/31 39/57/31 41/58/31 43/59/31 45/60/31 47/61/31 49/62/31 51/63/31 56/64/31 58/65/31 54/66/31 19/67/31 21/68/31 23/69/31 25/70/31 60/71/31 62/72/31
f 59/50/4 61/73/4 62/74/4 60/49/4
f 61/73/32 28/25/32 27/51/32 62/74/32
f 54/66/33 58/65/33 56/64/33 55/48/33 57/75/33 53/14/33
f 20/15/34 53/14/34 57/75/34 55/48/34 52/46/34 50/44/34 48/42/34 46/40/34 44/38/34 42/36/34 40/34/34 38/32/34 36/10/34 34/30/34 32/28/34 30/26/34 28/25/34 61/73/34 59/50/34 26/22/34 24/20/34 22/18/34
l 31 63
o Capo
v -0.290670 0.067551 0.734927
v -0.290670 0.067551 0.959459
v 0.409055 0.067551 0.734927
v 0.409055 0.067551 0.959459
v -0.574497 -1.079560 0.123279
v 0.610873 -1.073378 0.117444
v 0.610873 -1.073378 0.284039
v -0.245321 -1.496564 0.100437
v 0.225396 -1.494739 0.100436
v 0.225396 -1.494739 0.230712
v -0.245321 -1.496564 0.230712
v -0.574497 -1.079560 0.284187
v 0.334213 -1.594289 0.100436
v 0.225396 -1.494739 0.100436
v 0.334213 -1.594289 0.100436
vn -0.0000 1.0000 -0.0000
vn 0.9847 0.1742 -0.0000
vn -0.9707 0.2402 -0.0000
vn -0.0042 0.3858 -0.9226
vn 0.0015 -0.4310 0.9023
vn 0.0039 -1.0000 -0.0000
vn -0.7849 -0.6196 -0.0000
vn 0.7378 -0.6750 -0.0000
vt 0.375000 0.000000
vt 0.625000 0.000000
vt 0.625000 0.250000
vt 0.375000 0.250000
vt 0.458333 0.500000
vt 0.375000 0.500000
vt 0.375000 0.750000
vt 0.625000 0.750000
vt 0.625000 1.000000
vt 0.375000 1.000000
vt 0.125000 0.500000
vt 0.375000 0.583333
vt 0.375000 0.666667
vt 0.125000 0.750000
vt 0.625000 0.500000
vt 0.875000 0.500000
vt 0.875000 0.750000
vt 0.625000 0.666667
vt 0.625000 0.583333
s 0
usemtl Material.002
f 64/76/35 65/77/35 67/78/35 66/79/35
f 66/79/36 67/78/36 70/80/36 69/81/36
f 68/82/37 75/83/37 65/84/37 64/85/37
f 66/86/38 69/81/38 72/87/38 71/88/38 68/82/38 64/89/38
f 70/90/39 67/91/39 65/92/39 75/83/39 74/93/39 73/94/39
f 71/88/40 72/87/40 73/94/40 74/93/40
f 68/82/41 71/88/41 74/93/41 75/83/41
f 72/87/42 69/81/42 70/90/42 73/94/42
l 78 76
l 72 77
o Ruedas_Delanteras
v 0.597764 -0.742055 0.001512
v 0.711236 -0.742055 -0.000070
v 0.597835 -0.782721 0.005517
v 0.711306 -0.782721 0.003935
v 0.598043 -0.821824 0.017377
v 0.711515 -0.821824 0.015794
v 0.598382 -0.857861 0.036636
v 0.711854 -0.857861 0.035054
v 0.598838 -0.889448 0.062555
v 0.712309 -0.889448 0.060973
v 0.599393 -0.915371 0.094137
v 0.712865 -0.915371 0.092555
v 0.600026 -0.934634 0.130169
v 0.713498 -0.934634 0.128587
v 0.600714 -0.946495 0.169266
v 0.714186 -0.946495 0.167684
v 0.601429 -0.950501 0.209925
v 0.714900 -0.950501 0.208343
v 0.602144 -0.946495 0.250585
v 0.715615 -0.946495 0.249002
v 0.602831 -0.934634 0.289682
v 0.716303 -0.934634 0.288099
v 0.603465 -0.915371 0.325713
v 0.716936 -0.915371 0.324131
v 0.604020 -0.889448 0.357296
v 0.717492 -0.889448 0.355713
v 0.604476 -0.857861 0.383214
v 0.717947 -0.857861 0.381632
v 0.604814 -0.821824 0.402474
v 0.718286 -0.821824 0.400892
v 0.605023 -0.782721 0.414334
v 0.718494 -0.782721 0.412752
v 0.605093 -0.742055 0.418338
v 0.718565 -0.742055 0.416756
v 0.605023 -0.701390 0.414334
v 0.718495 -0.701390 0.412752
v 0.604814 -0.662287 0.402474
v 0.718286 -0.662287 0.400892
v 0.604476 -0.626249 0.383214
v 0.717947 -0.626249 0.381632
v 0.604020 -0.594662 0.357296
v 0.717492 -0.594662 0.355713
v 0.603465 -0.568739 0.325713
v 0.716936 -0.568739 0.324131
v 0.602831 -0.549477 0.289682
v 0.716303 -0.549477 0.288099
v 0.602144 -0.537615 0.250585
v 0.715615 -0.537615 0.249002
v 0.601429 -0.533610 0.209925
v 0.714900 -0.533610 0.208343
v 0.600714 -0.537615 0.169266
v 0.714186 -0.537615 0.167684
v 0.600026 -0.549477 0.130169
v 0.713498 -0.549477 0.128587
v 0.599393 -0.568739 0.094137
v 0.712865 -0.568739 0.092555
v 0.598838 -0.594662 0.062555
v 0.712309 -0.594662 0.060973
v 0.598382 -0.626249 0.036636
v 0.711854 -0.626249 0.035054
v 0.598043 -0.662287 0.017377
v 0.711515 -0.662287 0.015794
v 0.597835 -0.701390 0.005517
v 0.711306 -0.701390 0.003935
v -0.697781 -0.742055 0.001513
v -0.584309 -0.742055 -0.000069
v -0.697711 -0.782721 0.005518
v -0.584239 -0.782721 0.003936
v -0.697502 -0.821824 0.017378
v -0.584030 -0.821824 0.015796
v -0.697163 -0.857861 0.036637
v -0.583692 -0.857861 0.035055
v -0.696708 -0.889448 0.062556
v -0.583236 -0.889448 0.060974
v -0.696152 -0.915371 0.094138
v -0.582681 -0.915371 0.092556
v -0.695519 -0.934633 0.130170
v -0.582047 -0.934633 0.128588
v -0.694831 -0.946495 0.169267
v -0.581360 -0.946495 0.167685
v -0.694117 -0.950500 0.209926
v -0.580645 -0.950500 0.208344
v -0.693402 -0.946495 0.250586
v -0.579930 -0.946495 0.249004
v -0.692714 -0.934633 0.289683
v -0.579242 -0.934633 0.288100
v -0.692081 -0.915371 0.325715
v -0.578609 -0.915371 0.324132
v -0.691525 -0.889448 0.357297
v -0.578054 -0.889448 0.355715
v -0.691070 -0.857861 0.383216
v -0.577598 -0.857861 0.381633
v -0.690731 -0.821824 0.402475
v -0.577259 -0.821824 0.400893
v -0.690523 -0.782721 0.414335
v -0.577051 -0.782721 0.412753
v -0.690452 -0.742055 0.418340
v -0.576980 -0.742055 0.416757
v -0.690523 -0.701389 0.414335
v -0.577051 -0.701389 0.412753
v -0.690731 -0.662287 0.402475
v -0.577259 -0.662287 0.400893
v -0.691070 -0.626249 0.383216
v -0.577598 -0.626249 0.381633
v -0.691525 -0.594662 0.357297
v -0.578054 -0.594662 0.355715
v -0.692081 -0.568739 0.325715
v -0.578609 -0.568739 0.324132
v -0.692714 -0.549477 0.289683
v -0.579242 -0.549477 0.288100
v -0.693402 -0.537615 0.250586
v -0.579930 -0.537615 0.249004
v -0.694116 -0.533610 0.209926
v -0.580645 -0.533610 0.208344
v -0.694831 -0.537615 0.169267
v -0.581360 -0.537615 0.167685
v -0.695519 -0.549477 0.130170
v -0.582047 -0.549477 0.128588
v -0.696152 -0.568739 0.094138
v -0.582681 -0.568739 0.092556
v -0.696708 -0.594662 0.062556
v -0.583236 -0.594662 0.060974
v -0.697163 -0.626249 0.036637
v -0.583692 -0.626249 0.035055
v -0.697502 -0.662287 0.017378
v -0.584030 -0.662287 0.015796
v -0.697711 -0.701389 0.005518
v -0.584239 -0.701389 0.003936
vn -0.0139 -0.0980 -0.9951
vn -0.0133 -0.2903 -0.9568
vn -0.0123 -0.4714 -0.8818
vn -0.0108 -0.6344 -0.7729
vn -0.0088 -0.7730 -0.6343
vn -0.0066 -0.8819 -0.4714
vn -0.0040 -0.9569 -0.2903
vn -0.0014 -0.9952 -0.0980
vn 0.0014 -0.9952 0.0980
vn 0.0040 -0.9569 0.2903
vn 0.0066 -0.8819 0.4714
vn 0.0088 -0.7730 0.6343
vn 0.0108 -0.6344 0.7729
vn 0.0123 -0.4714 0.8818
vn 0.0133 -0.2903 0.9568
vn 0.0139 -0.0980 0.9951
vn 0.0139 0.0980 0.9951
vn 0.0133 0.2903 0.9568
vn 0.0123 0.4714 0.8818
vn 0.0108 0.6344 0.7729
vn 0.0088 0.7730 0.6343
vn 0.0066 0.8819 0.4714
vn 0.0040 0.9569 0.2903
vn 0.0014 0.9952 0.0980
vn -0.0014 0.9952 -0.0980
vn -0.0040 0.9569 -0.2903
vn -0.0066 0.8819 -0.4714
vn -0.0088 0.7730 -0.6343
vn -0.0108 0.6344 -0.7729
vn -0.0123 0.4714 -0.8818
vn 0.9998 -0.0000 -0.0176
vn -0.0133 0.2903 -0.9568
vn -0.0139 0.0980 -0.9951
vn -0.9998 -0.0000 0.0176
vt 1.000000 0.500000
vt 1.000000 1.000000
vt 0.968750 1.000000
vt 0.968750 0.500000
vt 0.937500 1.000000
vt 0.937500 0.500000
vt 0.906250 1.000000
vt 0.906250 0.500000
vt 0.875000 1.000000
vt 0.875000 0.500000
vt 0.843750 1.000000
vt 0.843750 0.500000
vt 0.812500 1.000000
vt 0.812500 0.500000
vt 0.781250 1.000000
vt 0.781250 0.500000
vt 0.750000 1.000000
vt 0.750000 0.500000
vt 0.718750 1.000000
vt 0.718750 0.500000
vt 0.687500 1.000000
vt 0.687500 0.500000
vt 0.656250 1.000000
vt 0.656250 0.500000
vt 0.625000 1.000000
vt 0.625000 0.500000
vt 0.593750 1.000000
vt 0.593750 0.500000
vt 0.562500 1.000000
vt 0.562500 0.500000
vt 0.531250 1.000000
vt 0.531250 0.500000
vt 0.500000 1.000000
vt 0.500000 0.500000
vt 0.468750 1.000000
vt 0.468750 0.500000
vt 0.437500 1.000000
vt 0.437500 0.500000
vt 0.406250 1.000000
vt 0.406250 0.500000
vt 0.375000 1.000000
vt 0.375000 0.500000
vt 0.343750 1.000000
vt 0.343750 0.500000
vt 0.312500 1.000000
vt 0.312500 0.500000
vt 0.281250 1.000000
vt 0.281250 0.500000
vt 0.250000 1.000000
vt 0.250000 0.500000
vt 0.218750 1.000000
vt 0.218750 0.500000
vt 0.187500 1.000000
vt 0.187500 0.500000
vt 0.156250 1.000000
vt 0.156250 0.500000
vt 0.125000 1.000000
vt 0.125000 0.500000
vt 0.093750 1.000000
vt 0.093750 0.500000
vt 0.062500 1.000000
vt 0.062500 0.500000
vt 0.296822 0.485388
vt 0.250000 0.490000
vt 0.203178 0.485388
vt 0.158156 0.471731
vt 0.116663 0.449553
vt 0.080294 0.419706
vt 0.050447 0.383337
vt 0.028269 0.341844
vt 0.014612 0.296822
vt 0.010000 0.250000
vt 0.014612 0.203178
vt 0.028269 0.158156
vt 0.050447 0.116663
vt 0.080294 0.080294
vt 0.116663 0.050447
vt 0.158156 0.028269
vt 0.203178 0.014612
vt 0.250000 0.010000
vt 0.296822 0.014612
vt 0.341844 0.028269
vt 0.383337 0.050447
vt 0.419706 0.080294
vt 0.449553 0.116663
vt 0.471731 0.158156
vt 0.485388 0.203178
vt 0.490000 0.250000
vt 0.485388 0.296822
vt 0.471731 0.341844
vt 0.449553 0.383337
vt 0.419706 0.419706
vt 0.383337 0.449553
vt 0.341844 0.471731
vt 0.031250 1.000000
vt 0.031250 0.500000
vt 0.000000 1.000000
vt 0.000000 0.500000
vt 0.750000 0.490000
vt 0.796822 0.485388
vt 0.841844 0.471731
vt 0.883337 0.449553
vt 0.919706 0.419706
vt 0.949553 0.383337
vt 0.971731 0.341844
vt 0.985388 0.296822
vt 0.990000 0.250000
vt 0.985388 0.203178
vt 0.971731 0.158156
vt 0.949553 0.116663
vt 0.919706 0.080294
vt 0.883337 0.050447
vt 0.841844 0.028269
vt 0.796822 0.014612
vt 0.750000 0.010000
vt 0.703178 0.014612
vt 0.658156 0.028269
vt 0.616663 0.050447
vt 0.580294 0.080294
vt 0.550447 0.116663
vt 0.528269 0.158156
vt 0.514612 0.203178
vt 0.510000 0.250000
vt 0.514612 0.296822
vt 0.528269 0.341844
vt 0.550447 0.383337
vt 0.580294 0.419706
vt 0.616663 0.449553
vt 0.658156 0.471731
vt 0.703178 0.485388
s 0
usemtl Material.001
f 79/95/43 80/96/43 82/97/43 81/98/43
f 81/98/44 82/97/44 84/99/44 83/100/44
f 83/100/45 84/99/45 86/101/45 85/102/45
f 85/102/46 86/101/46 88/103/46 87/104/46
f 87/104/47 88/103/47 90/105/47 89/106/47
f 89/106/48 90/105/48 92/107/48 91/108/48
f 91/108/49 92/107/49 94/109/49 93/110/49
f 93/110/50 94/109/50 96/111/50 95/112/50
f 95/112/51 96/111/51 98/113/51 97/114/51
f 97/114/52 98/113/52 100/115/52 99/116/52
f 99/116/53 100/115/53 102/117/53 101/118/53
f 101/118/54 102/117/54 104/119/54 103/120/54
f 103/120/55 104/119/55 106/121/55 105/122/55
f 105/122/56 106/121/56 108/123/56 107/124/56
f 107/124/57 108/123/57 110/125/57 109/126/57
f 109/126/58 110/125/58 112/127/58 111/128/58
f 111/128/59 112/127/59 114/129/59 113/130/59
f 113/130/60 114/129/60 116/131/60 115/132/60
f 115/132/61 116/131/61 118/133/61 117/134/61
f 117/134/62 118/133/62 120/135/62 119/136/62
f 119/136/63 120/135/63 122/137/63 121/138/63
f 121/138/64 122/137/64 124/139/64 123/140/64
f 123/140/65 124/139/65 126/141/65 125/142/65
f 125/142/66 126/141/66 128/143/66 127/144/66
f 127/144/67 128/143/67 130/145/67 129/146/67
f 129/146/68 130/145/68 132/147/68 131/148/68
f 131/148/69 132/147/69 134/149/69 133/150/69
f 133/150/70 134/149/70 136/151/70 135/152/70
f 135/152/71 136/151/71 138/153/71 137/154/71
f 137/154/72 138/153/72 140/155/72 139/156/72
f 82/157/73 80/158/73 142/159/73 140/160/73 138/161/73 136/162/73 134/163/73 132/164/73 130/165/73 128/166/73 126/167/73 124/168/73 122/169/73 120/170/73 118/171/73 116/172/73 114/173/73 112/174/73 110/175/73 108/176/73 106/177/73 104/178/73 102/179/73 100/180/73 98/181/73 96/182/73 94/183/73 92/184/73 90/185/73 88/186/73 86/187/73 84/188/73
f 139/156/74 140/155/74 142/189/74 141/190/74
f 141/190/75 142/189/75 80/191/75 79/192/75
f 79/193/76 81/194/76 83/195/76 85/196/76 87/197/76 89/198/76 91/199/76 93/200/76 95/201/76 97/202/76 99/203/76 101/204/76 103/205/76 105/206/76 107/207/76 109/208/76 111/209/76 113/210/76 115/211/76 117/212/76 119/213/76 121/214/76 123/215/76 125/216/76 127/217/76 129/218/76 131/219/76 133/220/76 135/221/76 137/222/76 139/223/76 141/224/76
f 143/95/43 144/96/43 146/97/43 145/98/43
f 145/98/44 146/97/44 148/99/44 147/100/44
f 147/100/45 148/99/45 150/101/45 149/102/45
f 149/102/46 150/101/46 152/103/46 151/104/46
f 151/104/47 152/103/47 154/105/47 153/106/47
f 153/106/48 154/105/48 156/107/48 155/108/48
f 155/108/49 156/107/49 158/109/49 157/110/49
f 157/110/50 158/109/50 160/111/50 159/112/50
f 159/112/51 160/111/51 162/113/51 161/114/51
f 161/114/52 162/113/52 164/115/52 163/116/52
f 163/116/53 164/115/53 166/117/53 165/118/53
f 165/118/54 166/117/54 168/119/54 167/120/54
f 167/120/55 168/119/55 170/121/55 169/122/55
f 169/122/56 170/121/56 172/123/56 171/124/56
f 171/124/57 172/123/57 174/125/57 173/126/57
f 173/126/58 174/125/58 176/127/58 175/128/58
f 175/128/59 176/127/59 178/129/59 177/130/59
f 177/130/60 178/129/60 180/131/60 179/132/60
f 179/132/61 180/131/61 182/133/61 181/134/61
f 181/134/62 182/133/62 184/135/62 183/136/62
f 183/136/63 184/135/63 186/137/63 185/138/63
f 185/138/64 186/137/64 188/139/64 187/140/64
f 187/140/65 188/139/65 190/141/65 189/142/65
f 189/142/66 190/141/66 192/143/66 191/144/66
f 191/144/67 192/143/67 194/145/67 193/146/67
f 193/146/68 194/145/68 196/147/68 195/148/68
f 195/148/69 196/147/69 198/149/69 197/150/69
f 197/150/70 198/149/70 200/151/70 199/152/70
f 199/152/71 200/151/71 202/153/71 201/154/71
f 201/154/72 202/153/72 204/155/72 203/156/72
f 146/157/73 144/158/73 206/159/73 204/160/73 202/161/73 200/162/73 198/163/73 196/164/73 194/165/73 192/166/73 190/167/73 188/168/73 186/169/73 184/170/73 182/171/73 180/172/73 178/173/73 176/174/73 174/175/73 172/176/73 170/177/73 168/178/73 166/179/73 164/180/73 162/181/73 160/182/73 158/183/73 156/184/73 154/185/73 152/186/73 150/187/73 148/188/73
f 203/156/74 204/155/74 206/189/74 205/190/74
f 205/190/75 206/189/75 144/191/75 143/192/75
f 143/193/76 145/194/76 147/195/76 149/196/76 151/197/76 153/198/76 155/199/76 157/200/76 159/201/76 161/202/76 163/203/76 165/204/76 167/205/76 169/206/76 171/207/76 173/208/76 175/209/76 177/210/76 179/211/76 181/212/76 183/213/76 185/214/76 187/215/76 189/216/76 191/217/76 193/218/76 195/219/76 197/220/76 199/221/76 201/222/76 203/223/76 205/224/76
o Ruedas_Traseras
v 0.579846 0.742465 -0.003562
v 0.735689 0.742465 -0.005735
v 0.579943 0.686615 0.001938
v 0.735785 0.686615 -0.000235
v 0.580229 0.632911 0.018226
v 0.736072 0.632911 0.016053
v 0.580695 0.583417 0.044677
v 0.736537 0.583417 0.042504
v 0.581320 0.540035 0.080274
v 0.737163 0.540035 0.078101
v 0.582083 0.504433 0.123649
v 0.737925 0.504433 0.121476
v 0.582953 0.477978 0.173135
v 0.738795 0.477978 0.170963
v 0.583897 0.461687 0.226831
v 0.739740 0.461687 0.224658
v 0.584879 0.456186 0.282673
v 0.740721 0.456186 0.280500
v 0.585861 0.461687 0.338515
v 0.741703 0.461687 0.336342
v 0.586805 0.477978 0.392210
v 0.742647 0.477978 0.390037
v 0.587675 0.504433 0.441696
v 0.743517 0.504433 0.439523
v 0.588438 0.540035 0.485071
v 0.744280 0.540035 0.482898
v 0.589064 0.583417 0.520668
v 0.744906 0.583417 0.518495
v 0.589529 0.632911 0.547119
v 0.745371 0.632911 0.544946
v 0.589815 0.686615 0.563408
v 0.745657 0.686615 0.561235
v 0.589912 0.742465 0.568908
v 0.745754 0.742465 0.566735
v 0.589815 0.798316 0.563408
v 0.745657 0.798316 0.561235
v 0.589529 0.852020 0.547119
v 0.745371 0.852020 0.544946
v 0.589064 0.901513 0.520668
v 0.744906 0.901513 0.518495
v 0.588438 0.944895 0.485071
v 0.744280 0.944895 0.482898
v 0.587675 0.980498 0.441696
v 0.743517 0.980498 0.439523
v 0.586805 1.006953 0.392210
v 0.742647 1.006953 0.390037
v 0.585861 1.023244 0.338515
v 0.741703 1.023244 0.336342
v 0.584879 1.028744 0.282673
v 0.740721 1.028744 0.280500
v 0.583897 1.023244 0.226831
v 0.739740 1.023244 0.224658
v 0.582953 1.006953 0.173135
v 0.738795 1.006953 0.170963
v 0.582083 0.980498 0.123649
v 0.737925 0.980498 0.121476
v 0.581320 0.944895 0.080274
v 0.737163 0.944895 0.078101
v 0.580695 0.901513 0.044677
v 0.736537 0.901513 0.042504
v 0.580229 0.852020 0.018226
v 0.736072 0.852020 0.016053
v 0.579943 0.798316 0.001938
v 0.735785 0.798316 -0.000235
v -0.728322 0.742466 -0.003561
v -0.572480 0.742465 -0.005734
v -0.728226 0.686615 0.001939
v -0.572383 0.686615 -0.000234
v -0.727939 0.632911 0.018227
v -0.572097 0.632911 0.016054
v -0.727474 0.583417 0.044678
v -0.571632 0.583417 0.042505
v -0.726848 0.540036 0.080275
v -0.571006 0.540036 0.078102
v -0.726086 0.504433 0.123650
v -0.570243 0.504433 0.121477
v -0.725216 0.477978 0.173137
v -0.569373 0.477978 0.170964
v -0.724271 0.461687 0.226832
v -0.568429 0.461687 0.224659
v -0.723290 0.456186 0.282674
v -0.567447 0.456186 0.280501
v -0.722308 0.461687 0.338516
v -0.566466 0.461687 0.336343
v -0.721364 0.477978 0.392211
v -0.565521 0.477978 0.390038
v -0.720494 0.504433 0.441698
v -0.564651 0.504433 0.439525
v -0.719731 0.540036 0.485073
v -0.563889 0.540036 0.482900
v -0.719105 0.583417 0.520670
v -0.563263 0.583417 0.518497
v -0.718640 0.632911 0.547121
v -0.562798 0.632911 0.544948
v -0.718354 0.686615 0.563409
v -0.562511 0.686615 0.561236
v -0.718257 0.742466 0.568909
v -0.562415 0.742465 0.566736
v -0.718354 0.798316 0.563409
v -0.562511 0.798316 0.561236
v -0.718640 0.852020 0.547121
v -0.562798 0.852020 0.544948
v -0.719105 0.901514 0.520670
v -0.563263 0.901514 0.518497
v -0.719731 0.944896 0.485073
v -0.563889 0.944895 0.482900
v -0.720493 0.980498 0.441698
v -0.564651 0.980498 0.439525
v -0.721364 1.006953 0.392211
v -0.565521 1.006953 0.390038
v -0.722308 1.023244 0.338516
v -0.566465 1.023244 0.336343
v -0.723289 1.028745 0.282674
v -0.567447 1.028745 0.280501
v -0.724271 1.023244 0.226832
v -0.568429 1.023244 0.224659
v -0.725215 1.006953 0.173137
v -0.569373 1.006953 0.170964
v -0.726086 0.980498 0.123650
v -0.570243 0.980498 0.121477
v -0.726848 0.944896 0.080275
v -0.571006 0.944895 0.078102
v -0.727474 0.901514 0.044678
v -0.571632 0.901514 0.042505
v -0.727939 0.852020 0.018227
v -0.572097 0.852020 0.016054
v -0.728226 0.798316 0.001939
v -0.572383 0.798316 -0.000234
vn -0.0139 -0.0980 -0.9951
vn -0.0133 -0.2903 -0.9568
vn -0.0123 -0.4714 -0.8818
vn -0.0108 -0.6344 -0.7729
vn -0.0088 -0.7730 -0.6343
vn -0.0066 -0.8819 -0.4714
vn -0.0040 -0.9569 -0.2903
vn -0.0014 -0.9952 -0.0980
vn 0.0014 -0.9952 0.0980
vn 0.0040 -0.9569 0.2903
vn 0.0066 -0.8819 0.4714
vn 0.0088 -0.7730 0.6343
vn 0.0108 -0.6344 0.7729
vn 0.0123 -0.4714 0.8818
vn 0.0133 -0.2903 0.9568
vn 0.0139 -0.0980 0.9951
vn 0.0139 0.0980 0.9951
vn 0.0133 0.2903 0.9568
vn 0.0123 0.4714 0.8818
vn 0.0108 0.6344 0.7729
vn 0.0088 0.7730 0.6343
vn 0.0066 0.8819 0.4714
vn 0.0040 0.9569 0.2903
vn 0.0014 0.9952 0.0980
vn -0.0014 0.9952 -0.0980
vn -0.0040 0.9569 -0.2903
vn -0.0066 0.8819 -0.4714
vn -0.0088 0.7730 -0.6343
vn -0.0108 0.6344 -0.7729
vn -0.0123 0.4714 -0.8818
vn 0.9998 -0.0000 -0.0176
vn -0.0133 0.2903 -0.9568
vn -0.0139 0.0980 -0.9951
vn -0.9998 -0.0000 0.0176
vt 1.000000 0.500000
vt 1.000000 1.000000
vt 0.968750 1.000000
vt 0.968750 0.500000
vt 0.937500 1.000000
vt 0.937500 0.500000
vt 0.906250 1.000000
vt 0.906250 0.500000
vt 0.875000 1.000000
vt 0.875000 0.500000
vt 0.843750 1.000000
vt 0.843750 0.500000
vt 0.812500 1.000000
vt 0.812500 0.500000
vt 0.781250 1.000000
vt 0.781250 0.500000
vt 0.750000 1.000000
vt 0.750000 0.500000
vt 0.718750 1.000000
vt 0.718750 0.500000
vt 0.687500 1.000000
vt 0.687500 0.500000
vt 0.656250 1.000000
vt 0.656250 0.500000
vt 0.625000 1.000000
vt 0.625000 0.500000
vt 0.593750 1.000000
vt 0.593750 0.500000
vt 0.562500 1.000000
vt 0.562500 0.500000
vt 0.531250 1.000000
vt 0.531250 0.500000
vt 0.500000 1.000000
vt 0.500000 0.500000
vt 0.468750 1.000000
vt 0.468750 0.500000
vt 0.437500 1.000000
vt 0.437500 0.500000
vt 0.406250 1.000000
vt 0.406250 0.500000
vt 0.375000 1.000000
vt 0.375000 0.500000
vt 0.343750 1.000000
vt 0.343750 0.500000
vt 0.312500 1.000000
vt 0.312500 0.500000
vt 0.281250 1.000000
vt 0.281250 0.500000
vt 0.250000 1.000000
vt 0.250000 0.500000
vt 0.218750 1.000000
vt 0.218750 0.500000
vt 0.187500 1.000000
vt 0.187500 0.500000
vt 0.156250 1.000000
vt 0.156250 0.500000
vt 0.125000 1.000000
vt 0.125000 0.500000
vt 0.093750 1.000000
vt 0.093750 0.500000
vt 0.062500 1.000000
vt 0.062500 0.500000
vt 0.296822 0.485388
vt 0.250000 0.490000
vt 0.203178 0.485388
vt 0.158156 0.471731
vt 0.116663 0.449553
vt 0.080294 0.419706
vt 0.050447 0.383337
vt 0.028269 0.341844
vt 0.014612 0.296822
vt 0.010000 0.250000
vt 0.014612 0.203178
vt 0.028269 0.158156
vt 0.050447 0.116663
vt 0.080294 0.080294
vt 0.116663 0.050447
vt 0.158156 0.028269
vt 0.203178 0.014612
vt 0.250000 0.010000
vt 0.296822 0.014612
vt 0.341844 0.028269
vt 0.383337 0.050447
vt 0.419706 0.080294
vt 0.449553 0.116663
vt 0.471731 0.158156
vt 0.485388 0.203178
vt 0.490000 0.250000
vt 0.485388 0.296822
vt 0.471731 0.341844
vt 0.449553 0.383337
vt 0.419706 0.419706
vt 0.383337 0.449553
vt 0.341844 0.471731
vt 0.031250 1.000000
vt 0.031250 0.500000
vt 0.000000 1.000000
vt 0.000000 0.500000
vt 0.750000 0.490000
vt 0.796822 0.485388
vt 0.841844 0.471731
vt 0.883337 0.449553
vt 0.919706 0.419706
vt 0.949553 0.383337
vt 0.971731 0.341844
vt 0.985388 0.296822
vt 0.990000 0.250000
vt 0.985388 0.203178
vt 0.971731 0.158156
vt 0.949553 0.116663
vt 0.919706 0.080294
vt 0.883337 0.050447
vt 0.841844 0.028269
vt 0.796822 0.014612
vt 0.750000 0.010000
vt 0.703178 0.014612
vt 0.658156 0.028269
vt 0.616663 0.050447
vt 0.580294 0.080294
vt 0.550447 0.116663
vt 0.528269 0.158156
vt 0.514612 0.203178
vt 0.510000 0.250000
vt 0.514612 0.296822
vt 0.528269 0.341844
vt 0.550447 0.383337
vt 0.580294 0.419706
vt 0.616663 0.449553
vt 0.658156 0.471731
vt 0.703178 0.485388
s 0
usemtl Material.005
f 207/225/77 208/226/77 210/227/77 209/228/77
f 209/228/78 210/227/78 212/229/78 211/230/78
f 211/230/79 212/229/79 214/231/79 213/232/79
f 213/232/80 214/231/80 216/233/80 215/234/80
f 215/234/81 216/233/81 218/235/81 217/236/81
f 217/236/82 218/235/82 220/237/82 219/238/82
f 219/238/83 220/237/83 222/239/83 221/240/83
f 221/240/84 222/239/84 224/241/84 223/242/84
f 223/242/85 224/241/85 226/243/85 225/244/85
f 225/244/86 226/243/86 228/245/86 227/246/86
f 227/246/87 228/245/87 230/247/87 229/248/87
f 229/248/88 230/247/88 232/249/88 231/250/88
f 231/250/89 232/249/89 234/251/89 233/252/89
f 233/252/90 234/251/90 236/253/90 235/254/90
f 235/254/91 236/253/91 238/255/91 237/256/91
f 237/256/92 238/255/92 240/257/92 239/258/92
f 239/258/93 240/257/93 242/259/93 241/260/93
f 241/260/94 242/259/94 244/261/94 243/262/94
f 243/262/95 244/261/95 246/263/95 245/264/95
f 245/264/96 246/263/96 248/265/96 247/266/96
f 247/266/97 248/265/97 250/267/97 249/268/97
f 249/268/98 250/267/98 252/269/98 251/270/98
f 251/270/99 252/269/99 254/271/99 253/272/99
f 253/272/100 254/271/100 256/273/100 255/274/100
f 255/274/101 256/273/101 258/275/101 257/276/101
f 257/276/102 258/275/102 260/277/102 259/278/102
f 259/278/103 260/277/103 262/279/103 261/280/103
f 261/280/104 262/279/104 264/281/104 263/282/104
f 263/282/105 264/281/105 266/283/105 265/284/105
f 265/284/106 266/283/106 268/285/106 267/286/106
f 210/287/107 208/288/107 270/289/107 268/290/107 266/291/107 264/292/107 262/293/107 260/294/107 258/295/107 256/296/107 254/297/107 252/298/107 250/299/107 248/300/107 246/301/107 244/302/107 242/303/107 240/304/107 238/305/107 236/306/107 234/307/107 232/308/107 230/309/107 228/310/107 226/311/107 224/312/107 222/313/107 220/314/107 218/315/107 216/316/107 214/317/107 212/318/107
f 267/286/108 268/285/108 270/319/108 269/320/108
f 269/320/109 270/319/109 208/321/109 207/322/109
f 207/323/110 209/324/110 211/325/110 213/326/110 215/327/110 217/328/110 219/329/110 221/330/110 223/331/110 225/332/110 227/333/110 229/334/110 231/335/110 233/336/110 235/337/110 237/338/110 239/339/110 241/340/110 243/341/110 245/342/110 247/343/110 249/344/110 251/345/110 253/346/110 255/347/110 257/348/110 259/349/110 261/350/110 263/351/110 265/352/110 267/353/110 269/354/110
f 271/225/77 272/226/77 274/227/77 273/228/77
f 273/228/78 274/227/78 276/229/78 275/230/78
f 275/230/79 276/229/79 278/231/79 277/232/79
f 277/232/80 278/231/80 280/233/80 279/234/80
f 279/234/81 280/233/81 282/235/81 281/236/81
f 281/236/82 282/235/82 284/237/82 283/238/82
f 283/238/83 284/237/83 286/239/83 285/240/83
f 285/240/84 286/239/84 288/241/84 287/242/84
f 287/242/85 288/241/85 290/243/85 289/244/85
f 289/244/86 290/243/86 292/245/86 291/246/86
f 291/246/87 292/245/87 294/247/87 293/248/87
f 293/248/88 294/247/88 296/249/88 295/250/88
f 295/250/89 296/249/89 298/251/89 297/252/89
f 297/252/90 298/251/90 300/253/90 299/254/90
f 299/254/91 300/253/91 302/255/91 301/256/91
f 301/256/92 302/255/92 304/257/92 303/258/92
f 303/258/93 304/257/93 306/259/93 305/260/93
f 305/260/94 306/259/94 308/261/94 307/262/94
f 307/262/95 308/261/95 310/263/95 309/264/95
f 309/264/96 310/263/96 312/265/96 311/266/96
f 311/266/97 312/265/97 314/267/97 313/268/97
f 313/268/98 314/267/98 316/269/98 315/270/98
f 315/270/99 316/269/99 318/271/99 317/272/99
f 317/272/100 318/271/100 320/273/100 319/274/100
f 319/274/101 320/273/101 322/275/101 321/276/101
f 321/276/102 322/275/102 324/277/102 323/278/102
f 323/278/103 324/277/103 326/279/103 325/280/103
f 325/280/104 326/279/104 328/281/104 327/282/104
f 327/282/105 328/281/105 330/283/105 329/284/105
f 329/284/106 330/283/106 332/285/106 331/286/106
f 274/287/107 272/288/107 334/289/107 332/290/107 330/291/107 328/292/107 326/293/107 324/294/107 322/295/107 320/296/107 318/297/107 316/298/107 314/299/107 312/300/107 310/301/107 308/302/107 306/303/107 304/304/107 302/305/107 300/306/107 298/307/107 296/308/107 294/309/107 292/310/107 290/311/107 288/312/107 286/313/107 284/314/107 282/315/107 280/316/107 278/317/107 276/318/107
f 331/286/108 332/285/108 334/319/108 333/320/108
f 333/320/109 334/319/109 272/321/109 271/322/109
f 271/323/110 273/324/110 275/325/110 277/326/110 279/327/110 281/328/110 283/329/110 285/330/110 287/331/110 289/332/110 291/333/110 293/334/110 295/335/110 297/336/110 299/337/110 301/338/110 303/339/110 305/340/110 307/341/110 309/342/110 311/343/110 313/344/110 315/345/110 317/346/110 319/347/110 321/348/110 323/349/110 325/350/110 327/351/110 329/352/110 331/353/110 333/354/110
o Tubo_1
v 0.480318 1.415214 0.517637
v 0.524591 1.415214 0.517637
v 0.480318 1.405535 0.518590
v 0.524591 1.405535 0.518590
v 0.480318 1.396227 0.521414
v 0.524591 1.396227 0.521414
v 0.480318 1.387648 0.525999
v 0.524591 1.387648 0.525999
v 0.480318 1.380129 0.532170
v 0.524591 1.380129 0.532170
v 0.480318 1.373959 0.539689
v 0.524591 1.373959 0.539688
v 0.480318 1.369374 0.548267
v 0.524591 1.369374 0.548267
v 0.480318 1.366550 0.557575
v 0.524591 1.366550 0.557575
v 0.480318 1.365597 0.567255
v 0.524591 1.365597 0.567255
v 0.480318 1.366550 0.576935
v 0.524591 1.366550 0.576935
v 0.480318 1.369374 0.586243
v 0.524591 1.369374 0.586242
v 0.480318 1.373959 0.594821
v 0.524591 1.373959 0.594821
v 0.480318 1.380129 0.602340
v 0.524591 1.380129 0.602340
v 0.480318 1.387648 0.608510
v 0.524591 1.387648 0.608510
v 0.480318 1.396227 0.613095
v 0.524591 1.396227 0.613095
v 0.480318 1.405535 0.615919
v 0.524591 1.405535 0.615919
v 0.480318 1.415214 0.616872
v 0.524591 1.415214 0.616872
v 0.480318 1.424894 0.615919
v 0.524591 1.424894 0.615919
v 0.480318 1.434202 0.613095
v 0.524591 1.434202 0.613095
v 0.480318 1.442781 0.608510
v 0.524591 1.442781 0.608510
v 0.480318 1.450300 0.602340
v 0.524591 1.450300 0.602340
v 0.480318 1.456470 0.594821
v 0.524591 1.456470 0.594821
v 0.480318 1.461055 0.586243
v 0.524591 1.461055 0.586242
v 0.480318 1.463879 0.576935
v 0.524591 1.463879 0.576935
v 0.480318 1.464832 0.567255
v 0.524591 1.464832 0.567255
v 0.480318 1.463879 0.557575
v 0.524591 1.463879 0.557575
v 0.480318 1.461055 0.548267
v 0.524591 1.461055 0.548267
v 0.480318 1.456470 0.539689
v 0.524591 1.456470 0.539688
v 0.480318 1.450300 0.532170
v 0.524591 1.450300 0.532170
v 0.480318 1.442781 0.525999
v 0.524591 1.442781 0.525999
v 0.480318 1.434202 0.521414
v 0.524591 1.434202 0.521414
v 0.480318 1.424894 0.518590
v 0.524591 1.424894 0.518590
v 0.601443 1.417967 0.522722
v 0.596424 1.426253 0.521850
v 0.605629 1.409576 0.525306
v 0.608820 1.401401 0.529502
v 0.610893 1.393758 0.535148
v 0.611769 1.386938 0.542029
v 0.611414 1.381206 0.549879
v 0.609841 1.376780 0.558397
v 0.607112 1.373832 0.567255
v 0.603330 1.372473 0.576113
v 0.598642 1.372758 0.584630
v 0.593228 1.374673 0.592480
v 0.587295 1.378147 0.599361
v 0.581071 1.383045 0.605008
v 0.574796 1.389180 0.609204
v 0.568711 1.396315 0.611787
v 0.563050 1.404176 0.612660
v 0.558030 1.412462 0.611787
v 0.553845 1.420853 0.609204
v 0.550654 1.429027 0.605008
v 0.548581 1.436671 0.599361
v 0.547705 1.443490 0.592480
v 0.548060 1.449223 0.584631
v 0.549633 1.453649 0.576113
v 0.552362 1.456597 0.567255
v 0.556143 1.457956 0.558397
v 0.560831 1.457671 0.549879
v 0.566246 1.455755 0.542029
v 0.572179 1.452282 0.535148
v 0.578403 1.447384 0.529502
v 0.584677 1.441249 0.525306
v 0.590762 1.434114 0.522722
v 0.601443 1.417967 0.522722
v 0.596424 1.426253 0.521850
v 0.605629 1.409576 0.525306
v 0.608820 1.401401 0.529502
v 0.610893 1.393758 0.535148
v 0.611769 1.386938 0.542029
v 0.611414 1.381206 0.549879
v 0.609841 1.376780 0.558397
v 0.607112 1.373832 0.567255
v 0.603330 1.372473 0.576113
v 0.598642 1.372758 0.584630
v 0.593228 1.374673 0.592480
v 0.587295 1.378147 0.599361
v 0.581071 1.383045 0.605008
v 0.574796 1.389180 0.609204
v 0.568711 1.396315 0.611787
v 0.563050 1.404176 0.612660
v 0.558030 1.412462 0.611787
v 0.553845 1.420853 0.609204
v 0.550654 1.429027 0.605008
v 0.548581 1.436671 0.599361
v 0.547705 1.443490 0.592480
v 0.548060 1.449223 0.584631
v 0.549633 1.453649 0.576113
v 0.552362 1.456597 0.567255
v 0.556143 1.457956 0.558397
v 0.560831 1.457671 0.549879
v 0.566246 1.455755 0.542029
v 0.572179 1.452282 0.535148
v 0.578403 1.447384 0.529502
v 0.584677 1.441249 0.525306
v 0.590762 1.434114 0.522722
v 0.743993 1.530366 0.601740
v 0.734790 1.533391 0.600867
v 0.752632 1.526718 0.604324
v 0.760374 1.522587 0.608519
v 0.766921 1.518131 0.614166
v 0.772023 1.513523 0.621047
v 0.775484 1.508939 0.628897
v 0.777169 1.504555 0.637414
v 0.777015 1.500540 0.646273
v 0.775028 1.497048 0.655131
v 0.771283 1.494213 0.663648
v 0.765925 1.492145 0.671498
v 0.759159 1.490922 0.678379
v 0.751246 1.490592 0.684026
v 0.742490 1.491168 0.688221
v 0.733227 1.492626 0.690805
v 0.723813 1.494912 0.691678
v 0.714610 1.497938 0.690805
v 0.705971 1.501586 0.688221
v 0.698229 1.505717 0.684026
v 0.691681 1.510172 0.678379
v 0.686579 1.514781 0.671498
v 0.683119 1.519365 0.663648
v 0.681433 1.523749 0.655131
v 0.681587 1.527764 0.646273
v 0.683575 1.531256 0.637414
v 0.687320 1.534090 0.628897
v 0.692678 1.536159 0.621047
v 0.699443 1.537381 0.614166
v 0.707356 1.537711 0.608520
v 0.716113 1.537136 0.604324
v 0.725376 1.535677 0.601740
v 0.790699 1.694085 0.676758
v 0.781496 1.697110 0.675886
v 0.799337 1.690436 0.679342
v 0.807079 1.686305 0.683538
v 0.813627 1.681850 0.689185
v 0.818729 1.677241 0.696065
v 0.822190 1.672657 0.703915
v 0.823875 1.668273 0.712433
v 0.823721 1.664258 0.721291
v 0.821734 1.660766 0.730149
v 0.817989 1.657932 0.738667
v 0.812631 1.655863 0.746517
v 0.805865 1.654641 0.753397
v 0.797952 1.654311 0.759044
v 0.789196 1.654886 0.763240
v 0.779932 1.656345 0.765824
v 0.770518 1.658631 0.766696
v 0.761315 1.661656 0.765824
v 0.752677 1.665304 0.763240
v 0.744935 1.669436 0.759044
v 0.738387 1.673891 0.753397
v 0.733285 1.678499 0.746517
v 0.729825 1.683083 0.738667
v 0.728139 1.687467 0.730149
v 0.728293 1.691482 0.721291
v 0.730281 1.694974 0.712433
v 0.734025 1.697809 0.703915
v 0.739384 1.699877 0.696065
v 0.746149 1.701100 0.689185
v 0.754062 1.701430 0.683538
v 0.762819 1.700854 0.679342
v 0.772082 1.699396 0.676758
v 0.810887 1.748835 0.678261
v 0.797507 1.753233 0.676992
v 0.823446 1.743530 0.682018
v 0.834702 1.737524 0.688118
v 0.844222 1.731046 0.696327
v 0.851640 1.724347 0.706331
v 0.856671 1.717682 0.717744
v 0.859121 1.711308 0.730128
v 0.858897 1.705471 0.743006
v 0.856008 1.700394 0.755885
v 0.850563 1.696273 0.768269
v 0.842773 1.693266 0.779682
v 0.832937 1.691488 0.789685
v 0.821432 1.691008 0.797895
v 0.808701 1.691845 0.803995
v 0.795234 1.693965 0.807752
v 0.781547 1.697289 0.809020
v 0.768167 1.701687 0.807752
v 0.755607 1.706991 0.803995
v 0.744351 1.712998 0.797895
v 0.734832 1.719475 0.789685
v 0.727414 1.726175 0.779682
v 0.722383 1.732840 0.768269
v 0.719932 1.739214 0.755885
v 0.720156 1.745051 0.743006
v 0.723046 1.750128 0.730128
v 0.728490 1.754249 0.717744
v 0.736281 1.757256 0.706331
v 0.746117 1.759034 0.696328
v 0.757622 1.759514 0.688118
v 0.770352 1.758677 0.682018
v 0.783820 1.756556 0.678261
v 0.870063 1.942534 0.746796
v 0.853101 1.948110 0.745188
v 0.885984 1.935810 0.751558
v 0.900253 1.928196 0.759291
v 0.912320 1.919984 0.769698
v 0.921724 1.911491 0.782379
v 0.928101 1.903042 0.796847
v 0.931208 1.894963 0.812545
v 0.930924 1.887563 0.828871
v 0.927261 1.881127 0.845197
v 0.920359 1.875903 0.860896
v 0.910484 1.872091 0.875363
v 0.898015 1.869837 0.888044
v 0.883431 1.869229 0.898451
v 0.867292 1.870290 0.906185
v 0.850220 1.872978 0.910947
v 0.832870 1.877191 0.912555
v 0.815908 1.882766 0.910947
v 0.799987 1.889491 0.906185
v 0.785718 1.897105 0.898451
v 0.773650 1.905316 0.888044
v 0.764247 1.913809 0.875363
v 0.757870 1.922258 0.860896
v 0.754763 1.930338 0.845197
v 0.755047 1.937737 0.828871
v 0.758710 1.944173 0.812546
v 0.765612 1.949398 0.796847
v 0.775487 1.953210 0.782379
v 0.787956 1.955463 0.769698
v 0.802540 1.956071 0.759291
v 0.818678 1.955011 0.751558
v 0.835751 1.952322 0.746796
v 0.865702 1.967837 0.803444
v 0.856499 1.970862 0.802571
v 0.874340 1.964189 0.806027
v 0.882082 1.960057 0.810223
v 0.888630 1.955602 0.815870
v 0.893732 1.950994 0.822751
v 0.897193 1.946410 0.830601
v 0.898878 1.942026 0.839118
v 0.898724 1.938011 0.847976
v 0.896737 1.934519 0.856835
v 0.892992 1.931684 0.865352
v 0.887634 1.929616 0.873202
v 0.880868 1.928393 0.880083
v 0.872955 1.928063 0.885729
v 0.864199 1.928639 0.889925
v 0.854936 1.930097 0.892509
v 0.845521 1.932383 0.893382
v 0.836318 1.935408 0.892509
v 0.827680 1.939057 0.889925
v 0.819938 1.943188 0.885729
v 0.813390 1.947643 0.880083
v 0.808288 1.952252 0.873202
v 0.804828 1.956836 0.865352
v 0.803142 1.961220 0.856835
v 0.803296 1.965235 0.847976
v 0.805284 1.968727 0.839118
v 0.809029 1.971561 0.830601
v 0.814387 1.973630 0.822751
v 0.821152 1.974852 0.815870
v 0.829065 1.975182 0.810223
v 0.837822 1.974607 0.806028
v 0.847085 1.973148 0.803444
vn -0.0000 -0.0980 -0.9952
vn -0.0000 -0.2903 -0.9569
vn -0.0000 -0.4714 -0.8819
vn -0.0000 -0.6344 -0.7730
vn -0.0000 -0.7730 -0.6344
vn -0.0000 -0.8819 -0.4714
vn -0.0000 -0.9569 -0.2903
vn -0.0000 -0.9952 -0.0980
vn -0.0000 -0.9952 0.0980
vn -0.0000 -0.9569 0.2903
vn -0.0000 -0.8819 0.4714
vn -0.0000 -0.7730 0.6344
vn -0.0000 -0.6344 0.7730
vn -0.0000 -0.4714 0.8819
vn -0.0000 -0.2903 0.9569
vn -0.0000 -0.0980 0.9952
vn -0.0000 0.0980 0.9952
vn -0.0000 0.2903 0.9569
vn -0.0000 0.4714 0.8819
vn -0.0000 0.6344 0.7730
vn -0.0000 0.7730 0.6344
vn -0.0000 0.8819 0.4714
vn -0.0000 0.9569 0.2903
vn -0.0000 0.9952 0.0980
vn -0.0000 0.9952 -0.0980
vn -0.0000 0.9569 -0.2903
vn -0.0000 0.8819 -0.4714
vn -0.0000 0.7730 -0.6344
vn -0.0000 0.6344 -0.7730
vn -0.0000 0.4714 -0.8819
vn 0.0627 -0.9803 0.1874
vn -0.0000 0.2903 -0.9569
vn -0.0000 0.0980 -0.9952
vn -1.0000 -0.0000 -0.0000
vn 1.0000 -0.0000 -0.0000
vn 0.3456 0.4864 0.8025
vn 0.0209 0.8346 -0.5504
vn 0.1318 -0.8407 -0.5252
vn 0.0288 -0.3026 0.9527
vn 0.3237 0.9151 0.2403
vn 0.0929 -0.2708 -0.9582
vn 0.0370 -0.9250 0.3782
vn 0.4143 0.5941 0.6896
vn 0.0015 0.6898 -0.7240
vn 0.1235 -0.9230 -0.3645
vn 0.0815 -0.0771 0.9937
vn 0.2307 0.9706 0.0683
vn 0.1126 -0.4444 -0.8887
vn 0.0147 -0.8280 0.5606
vn 0.4484 0.6771 0.5835
vn 0.0032 0.5135 -0.8581
vn 0.1083 -0.9759 -0.1895
vn 0.1603 0.1440 0.9765
vn 0.1395 0.9811 -0.1343
vn 0.1262 -0.5990 -0.7907
vn 0.0013 -0.6890 0.7247
vn 0.4431 0.7548 0.4836
vn 0.0192 0.3187 -0.9477
vn 0.0874 -0.9962 -0.0039
vn 0.2546 0.3371 0.9064
vn 0.0669 0.9351 -0.3480
vn 0.1328 -0.7319 -0.6683
vn 0.0037 -0.5113 0.8594
vn 0.3993 0.8365 0.3754
vn 0.0687 -0.0818 -0.9943
vn 0.0428 0.1171 -0.9922
vn -0.3143 -0.2542 0.9146
vn -0.6956 -0.1257 0.7074
vn 0.6024 -0.2714 -0.7506
vn 0.0516 0.5807 -0.8125
vn -0.4261 -0.0666 0.9022
vn 0.6502 -0.4213 -0.6323
vn 0.1854 0.4275 -0.8848
vn -0.5129 0.1236 0.8495
vn 0.6726 -0.5504 -0.4947
vn -0.5715 0.3042 0.7621
vn 0.6707 -0.6570 -0.3442
vn -0.6024 0.4656 0.6483
vn 0.6459 -0.7404 -0.1859
vn -0.6088 0.6024 0.5162
vn 0.5995 -0.8000 -0.0238
vn -0.5949 0.7124 0.3723
vn 0.5328 -0.8348 0.1388
vn -0.5642 0.7955 0.2209
vn 0.4469 -0.8433 0.2984
vn -0.5192 0.8522 0.0642
vn 0.3433 -0.8236 0.4515
vn -0.4606 0.8824 -0.0959
vn 0.2240 -0.7733 0.5932
vn -0.3878 0.8850 -0.2575
vn 0.0925 -0.6903 0.7176
vn 0.3150 0.2550 -0.9142
vn -0.2999 0.8580 -0.4171
vn -0.0462 -0.5741 0.8175
vn 0.4318 0.0742 -0.8989
vn -0.1962 0.7988 -0.5687
vn -0.1848 -0.4267 0.8853
vn 0.5290 -0.1043 -0.8422
vn -0.0778 0.7061 -0.7039
vn -0.9757 -0.1997 0.0903
vn 0.9523 -0.1500 -0.2656
vn -0.8135 -0.0339 0.5805
vn 0.9678 -0.2350 -0.0897
vn -0.9002 0.0592 0.4314
vn 0.9462 -0.3110 0.0897
vn -0.9523 0.1500 0.2656
vn 0.8881 -0.3751 0.2656
vn -0.9678 0.2350 0.0897
vn 0.7959 -0.4247 0.4314
vn -0.9462 0.3110 -0.0897
vn 0.6732 -0.4581 0.5805
vn -0.8881 0.3751 -0.2656
vn 0.5245 -0.4738 0.7074
vn -0.7959 0.4247 -0.4314
vn 0.3558 -0.4713 0.8070
vn 0.2043 0.3590 -0.9107
vn -0.6732 0.4581 -0.5805
vn 0.1733 -0.4507 0.8757
vn 0.3850 0.2914 -0.8757
vn -0.5245 0.4738 -0.7074
vn -0.0158 -0.4128 0.9107
vn 0.5509 0.2127 -0.8070
vn -0.3558 0.4713 -0.8070
vn -0.2043 -0.3590 0.9107
vn 0.6956 0.1257 -0.7074
vn -0.1733 0.4507 -0.8757
vn -0.3850 -0.2914 0.8757
vn 0.8135 0.0339 -0.5805
vn 0.0158 0.4128 -0.9107
vn -0.5509 -0.2126 0.8070
vn 0.9002 -0.0592 -0.4314
vn -0.9071 0.2945 -0.3008
vn 0.7235 -0.6844 0.0903
vn -0.9900 -0.1211 -0.0721
vn 0.6384 -0.7302 0.2433
vn -0.9700 -0.0510 -0.2377
vn 0.5250 -0.7610 0.3810
vn -0.9164 0.0082 -0.4002
vn 0.3878 -0.7755 0.4982
vn -0.8313 0.0540 -0.5532
vn 0.2320 -0.7732 0.5902
vn 0.0922 -0.0067 -0.9957
vn -0.7180 0.0848 -0.6909
vn 0.0635 -0.7542 0.6535
vn 0.2590 -0.0691 -0.9634
vn -0.5807 0.0993 -0.8080
vn -0.1111 -0.7192 0.6859
vn 0.4121 -0.1418 -0.9000
vn -0.4249 0.0970 -0.9000
vn -0.2851 -0.6696 0.6859
vn 0.5457 -0.2221 -0.8080
vn -0.2564 0.0780 -0.9634
vn -0.4519 -0.6072 0.6535
vn 0.6546 -0.3068 -0.6909
vn -0.0818 0.0430 -0.9957
vn -0.6050 -0.5344 0.5902
vn 0.7347 -0.3927 -0.5532
vn -0.7386 -0.4542 0.4982
vn 0.7828 -0.4766 -0.4002
vn -0.8475 -0.3694 0.3810
vn 0.7971 -0.5551 -0.2377
vn -0.9276 -0.2835 0.2433
vn 0.7771 -0.6253 -0.0721
vn 0.2510 0.8800 0.4032
vn 0.4999 -0.5509 0.6683
vn -0.8153 0.3439 -0.4659
vn 0.3318 -0.5485 0.7675
vn 0.1810 0.2785 -0.9432
vn -0.6930 0.3771 -0.6144
vn 0.1500 -0.5280 0.8359
vn 0.3609 0.2112 -0.9084
vn -0.5450 0.3928 -0.7408
vn -0.0383 -0.4902 0.8708
vn 0.5261 0.1327 -0.8400
vn -0.3769 0.3903 -0.8400
vn -0.2261 -0.4366 0.8708
vn 0.6702 0.0461 -0.7408
vn -0.1952 0.3698 -0.9084
vn -0.4060 -0.3693 0.8359
vn 0.7877 -0.0453 -0.6144
vn -0.0068 0.3320 -0.9432
vn -0.5712 -0.2909 0.7675
vn 0.8740 -0.1380 -0.4659
vn -0.7153 -0.2043 0.6683
vn 0.9259 -0.2284 -0.3008
vn -0.8328 -0.1129 0.5419
vn 0.9414 -0.3131 -0.1256
vn -0.9192 -0.0202 0.3934
vn 0.9198 -0.3889 0.0531
vn -0.9710 0.0703 0.2283
vn 0.8620 -0.4527 0.2283
vn -0.9865 0.1550 0.0531
vn 0.7702 -0.5021 0.3934
vn -0.9649 0.2307 -0.1256
vn 0.6479 -0.5353 0.5419
vn -0.6971 -0.1311 0.7049
vn -0.9540 0.1442 0.2630
vn 0.8151 0.0397 -0.5779
vn -0.9694 0.2295 0.0872
vn 0.9019 -0.0533 -0.4287
vn -0.9476 0.3060 -0.0920
vn 0.9540 -0.1442 -0.2630
vn -0.8893 0.3708 -0.2676
vn 0.9694 -0.2295 -0.0872
vn -0.7969 0.4213 -0.4329
vn 0.9476 -0.3060 0.0920
vn -0.6739 0.4556 -0.5816
vn 0.8893 -0.3708 0.2676
vn -0.5249 0.4725 -0.7080
vn 0.7969 -0.4213 0.4329
vn -0.3558 0.4711 -0.8071
vn -0.2052 -0.3621 0.9093
vn 0.6739 -0.4556 0.5816
vn -0.1730 0.4517 -0.8752
vn -0.3862 -0.2955 0.8738
vn 0.5249 -0.4725 0.7080
vn 0.0164 0.4149 -0.9097
vn -0.5522 -0.2174 0.8048
vn 0.3558 -0.4711 0.8071
vn 0.2052 0.3621 -0.9093
vn 0.1730 -0.4517 0.8752
vn 0.3862 0.2955 -0.8738
vn -0.8151 -0.0397 0.5779
vn -0.0164 -0.4149 0.9097
vn 0.5522 0.2174 -0.8048
vn -0.9019 0.0533 0.4287
vn -0.2510 -0.8800 -0.4032
vt 1.000000 0.500000
vt 1.000000 1.000000
vt 0.968750 1.000000
vt 0.968750 0.500000
vt 0.937500 1.000000
vt 0.937500 0.500000
vt 0.906250 1.000000
vt 0.906250 0.500000
vt 0.875000 1.000000
vt 0.875000 0.500000
vt 0.843750 1.000000
vt 0.843750 0.500000
vt 0.812500 1.000000
vt 0.812500 0.500000
vt 0.781250 1.000000
vt 0.781250 0.500000
vt 0.750000 1.000000
vt 0.750000 0.500000
vt 0.718750 1.000000
vt 0.718750 0.500000
vt 0.687500 1.000000
vt 0.687500 0.500000
vt 0.656250 1.000000
vt 0.656250 0.500000
vt 0.625000 1.000000
vt 0.625000 0.500000
vt 0.593750 1.000000
vt 0.593750 0.500000
vt 0.562500 1.000000
vt 0.562500 0.500000
vt 0.531250 1.000000
vt 0.531250 0.500000
vt 0.500000 1.000000
vt 0.500000 0.500000
vt 0.468750 1.000000
vt 0.468750 0.500000
vt 0.437500 1.000000
vt 0.437500 0.500000
vt 0.406250 1.000000
vt 0.406250 0.500000
vt 0.375000 1.000000
vt 0.375000 0.500000
vt 0.343750 1.000000
vt 0.343750 0.500000
vt 0.312500 1.000000
vt 0.312500 0.500000
vt 0.281250 1.000000
vt 0.281250 0.500000
vt 0.250000 1.000000
vt 0.250000 0.500000
vt 0.218750 1.000000
vt 0.218750 0.500000
vt 0.187500 1.000000
vt 0.187500 0.500000
vt 0.156250 1.000000
vt 0.156250 0.500000
vt 0.125000 1.000000
vt 0.125000 0.500000
vt 0.093750 1.000000
vt 0.093750 0.500000
vt 0.062500 1.000000
vt 0.062500 0.500000
vt 0.031250 1.000000
vt 0.031250 0.500000
vt 0.000000 1.000000
vt 0.000000 0.500000
vt 0.750000 0.490000
vt 0.796822 0.485388
vt 0.841844 0.471731
vt 0.883337 0.449553
vt 0.919706 0.419706
vt 0.949553 0.383337
vt 0.971731 0.341844
vt 0.985388 0.296822
vt 0.990000 0.250000
vt 0.985388 0.203178
vt 0.971731 0.158156
vt 0.949553 0.116663
vt 0.919706 0.080294
vt 0.883337 0.050447
vt 0.841844 0.028269
vt 0.796822 0.014612
vt 0.750000 0.010000
vt 0.703178 0.014612
vt 0.658156 0.028269
vt 0.616663 0.050447
vt 0.580294 0.080294
vt 0.550447 0.116663
vt 0.528269 0.158156
vt 0.514612 0.203178
vt 0.510000 0.250000
vt 0.514612 0.296822
vt 0.528269 0.341844
vt 0.550447 0.383337
vt 0.580294 0.419706
vt 0.616663 0.449553
vt 0.658156 0.471731
vt 0.703178 0.485388
vt 0.296822 0.485388
vt 0.250000 0.490000
vt 0.203178 0.485388
vt 0.158156 0.471731
vt 0.116663 0.449553
vt 0.080294 0.419706
vt 0.050447 0.383337
vt 0.028269 0.341844
vt 0.014612 0.296822
vt 0.010000 0.250000
vt 0.014612 0.203178
vt 0.028269 0.158156
vt 0.050447 0.116663
vt 0.080294 0.080294
vt 0.116663 0.050447
vt 0.158156 0.028269
vt 0.203178 0.014612
vt 0.250000 0.010000
vt 0.296822 0.014612
vt 0.341844 0.028269
vt 0.383337 0.050447
vt 0.419706 0.080294
vt 0.449553 0.116663
vt 0.471731 0.158156
vt 0.485388 0.203178
vt 0.490000 0.250000
vt 0.485388 0.296822
vt 0.471731 0.341844
vt 0.449553 0.383337
vt 0.419706 0.419706
vt 0.383337 0.449553
vt 0.341844 0.471731
s 0
usemtl Material.007
f 335/355/111 336/356/111 338/357/111 337/358/111
f 337/358/112 338/357/112 340/359/112 339/360/112
f 339/360/113 340/359/113 342/361/113 341/362/113
f 341/362/114 342/361/114 344/363/114 343/364/114
f 343/364/115 344/363/115 346/365/115 345/366/115
f 345/366/116 346/365/116 348/367/116 347/368/116
f 347/368/117 348/367/117 350/369/117 349/370/117
f 349/370/118 350/369/118 352/371/118 351/372/118
f 351/372/119 352/371/119 354/373/119 353/374/119
f 353/374/120 354/373/120 356/375/120 355/376/120
f 355/376/121 356/375/121 358/377/121 357/378/121
f 357/378/122 358/377/122 360/379/122 359/380/122
f 359/380/123 360/379/123 362/381/123 361/382/123
f 361/382/124 362/381/124 364/383/124 363/384/124
f 363/384/125 364/383/125 366/385/125 365/386/125
f 365/386/126 366/385/126 368/387/126 367/388/126
f 367/388/127 368/387/127 370/389/127 369/390/127
f 369/390/128 370/389/128 372/391/128 371/392/128
f 371/392/129 372/391/129 374/393/129 373/394/129
f 373/394/130 374/393/130 376/395/130 375/396/130
f 375/396/131 376/395/131 378/397/131 377/398/131
f 377/398/132 378/397/132 380/399/132 379/400/132
f 379/400/133 380/399/133 382/401/133 381/402/133
f 381/402/134 382/401/134 384/403/134 383/404/134
f 383/404/135 384/403/135 386/405/135 385/406/135
f 385/406/136 386/405/136 388/407/136 387/408/136
f 387/408/137 388/407/137 390/409/137 389/410/137
f 389/410/138 390/409/138 392/411/138 391/412/138
f 391/412/139 392/411/139 394/413/139 393/414/139
f 393/414/140 394/413/140 396/415/140 395/416/140
f 356/375/141 354/373/141 408/373/141 409/375/141
f 395/416/142 396/415/142 398/417/142 397/418/142
f 397/418/143 398/417/143 336/419/143 335/420/143
f 335/421/144 337/422/144 339/423/144 341/424/144 343/425/144 345/426/144 347/427/144 349/428/144 351/429/144 353/430/144 355/431/144 357/432/144 359/433/144 361/434/144 363/435/144 365/436/144 367/437/144 369/438/144 371/439/144 373/440/144 375/441/144 377/442/144 379/443/144 381/444/144 383/445/144 385/446/144 387/447/144 389/448/144 391/449/144 393/450/144 395/451/144 397/452/144
f 413/383/145 412/381/145 444/381/145 445/383/145
f 374/393/146 372/391/146 417/391/146 418/393/146
f 392/411/147 390/409/147 426/409/147 427/411/147
f 348/367/148 346/365/148 404/365/148 405/367/148
f 366/385/149 364/383/149 413/383/149 414/385/149
f 384/403/150 382/401/150 422/401/150 423/403/150
f 340/359/151 338/357/151 399/357/151 401/359/151
f 358/377/152 356/375/152 409/375/152 410/377/152
f 376/395/153 374/393/153 418/393/153 419/395/153
f 394/413/154 392/411/154 427/411/154 428/413/154
f 350/369/155 348/367/155 405/367/155 406/369/155
f 368/387/156 366/385/156 414/385/156 415/387/156
f 386/405/157 384/403/157 423/403/157 424/405/157
f 342/361/158 340/359/158 401/359/158 402/361/158
f 360/379/159 358/377/159 410/377/159 411/379/159
f 378/397/160 376/395/160 419/395/160 420/397/160
f 396/415/161 394/413/161 428/413/161 429/415/161
f 352/371/162 350/369/162 406/369/162 407/371/162
f 370/389/163 368/387/163 415/387/163 416/389/163
f 388/407/164 386/405/164 424/405/164 425/407/164
f 344/363/165 342/361/165 402/361/165 403/363/165
f 362/381/166 360/379/166 411/379/166 412/381/166
f 380/399/167 378/397/167 420/397/167 421/399/167
f 398/417/168 396/415/168 429/415/168 430/417/168
f 354/373/169 352/371/169 407/371/169 408/373/169
f 372/391/170 370/389/170 416/389/170 417/391/170
f 390/409/171 388/407/171 425/407/171 426/409/171
f 346/365/172 344/363/172 403/363/172 404/365/172
f 364/383/173 362/381/173 412/381/173 413/383/173
f 382/401/174 380/399/174 421/399/174 422/401/174
f 338/357/175 336/356/175 400/356/175 399/357/175
f 336/419/176 398/417/176 430/417/176 400/419/176
f 448/389/177 447/387/177 479/387/177 480/389/177
f 399/357/145 400/356/145 432/356/145 431/357/145
f 427/411/145 426/409/145 458/409/145 459/411/145
f 414/385/145 413/383/145 445/383/145 446/385/145
f 401/359/145 399/357/145 431/357/145 433/359/145
f 428/413/145 427/411/145 459/411/145 460/413/145
f 415/387/145 414/385/145 446/385/145 447/387/145
f 402/361/145 401/359/145 433/359/145 434/361/145
f 429/415/145 428/413/145 460/413/145 461/415/145
f 416/389/145 415/387/145 447/387/145 448/389/145
f 403/363/145 402/361/145 434/361/145 435/363/145
f 430/417/145 429/415/145 461/415/145 462/417/145
f 417/391/145 416/389/145 448/389/145 449/391/145
f 404/365/145 403/363/145 435/363/145 436/365/145
f 400/419/145 430/417/145 462/417/145 432/419/145
f 418/393/145 417/391/145 449/391/145 450/393/145
f 405/367/145 404/365/145 436/365/145 437/367/145
f 419/395/145 418/393/145 450/393/145 451/395/145
f 406/369/145 405/367/145 437/367/145 438/369/145
f 420/397/145 419/395/145 451/395/145 452/397/145
f 407/371/145 406/369/145 438/369/145 439/371/145
f 421/399/145 420/397/145 452/397/145 453/399/145
f 408/373/145 407/371/145 439/371/145 440/373/145
f 422/401/145 421/399/145 453/399/145 454/401/145
f 409/375/145 408/373/145 440/373/145 441/375/145
f 423/403/145 422/401/145 454/401/145 455/403/145
f 410/377/145 409/375/145 441/375/145 442/377/145
f 424/405/145 423/403/145 455/403/145 456/405/145
f 411/379/145 410/377/145 442/377/145 443/379/145
f 425/407/145 424/405/145 456/405/145 457/407/145
f 412/381/145 411/379/145 443/379/145 444/381/145
f 426/409/145 425/407/145 457/407/145 458/409/145
f 483/395/178 482/393/178 514/393/178 515/395/178
f 435/363/179 434/361/179 466/361/179 467/363/179
f 462/417/180 461/415/180 493/415/180 494/417/180
f 449/391/181 448/389/181 480/389/181 481/391/181
f 436/365/182 435/363/182 467/363/182 468/365/182
f 432/419/183 462/417/183 494/417/183 464/419/183
f 450/393/184 449/391/184 481/391/184 482/393/184
f 437/367/185 436/365/185 468/365/185 469/367/185
f 451/395/186 450/393/186 482/393/186 483/395/186
f 438/369/187 437/367/187 469/367/187 470/369/187
f 452/397/188 451/395/188 483/395/188 484/397/188
f 439/371/189 438/369/189 470/369/189 471/371/189
f 453/399/190 452/397/190 484/397/190 485/399/190
f 440/373/191 439/371/191 471/371/191 472/373/191
f 454/401/192 453/399/192 485/399/192 486/401/192
f 441/375/193 440/373/193 472/373/193 473/375/193
f 455/403/194 454/401/194 486/401/194 487/403/194
f 442/377/195 441/375/195 473/375/195 474/377/195
f 456/405/196 455/403/196 487/403/196 488/405/196
f 443/379/197 442/377/197 474/377/197 475/379/197
f 457/407/198 456/405/198 488/405/198 489/407/198
f 444/381/199 443/379/199 475/379/199 476/381/199
f 458/409/200 457/407/200 489/407/200 490/409/200
f 445/383/201 444/381/201 476/381/201 477/383/201
f 431/357/202 432/356/202 464/356/202 463/357/202
f 459/411/203 458/409/203 490/409/203 491/411/203
f 446/385/204 445/383/204 477/383/204 478/385/204
f 433/359/205 431/357/205 463/357/205 465/359/205
f 460/413/206 459/411/206 491/411/206 492/413/206
f 447/387/207 446/385/207 478/385/207 479/387/207
f 434/361/208 433/359/208 465/359/208 466/361/208
f 461/415/209 460/413/209 492/413/209 493/415/209
f 518/401/210 517/399/210 549/399/210 550/401/210
f 470/369/211 469/367/211 501/367/211 502/369/211
f 484/397/212 483/395/212 515/395/212 516/397/212
f 471/371/213 470/369/213 502/369/213 503/371/213
f 485/399/214 484/397/214 516/397/214 517/399/214
f 472/373/215 471/371/215 503/371/215 504/373/215
f 486/401/216 485/399/216 517/399/216 518/401/216
f 473/375/217 472/373/217 504/373/217 505/375/217
f 487/403/218 486/401/218 518/401/218 519/403/218
f 474/377/219 473/375/219 505/375/219 506/377/219
f 488/405/220 487/403/220 519/403/220 520/405/220
f 475/379/221 474/377/221 506/377/221 507/379/221
f 489/407/222 488/405/222 520/405/222 521/407/222
f 476/381/223 475/379/223 507/379/223 508/381/223
f 490/409/224 489/407/224 521/407/224 522/409/224
f 477/383/225 476/381/225 508/381/225 509/383/225
f 463/357/226 464/356/226 496/356/226 495/357/226
f 491/411/227 490/409/227 522/409/227 523/411/227
f 478/385/228 477/383/228 509/383/228 510/385/228
f 465/359/229 463/357/229 495/357/229 497/359/229
f 492/413/230 491/411/230 523/411/230 524/413/230
f 479/387/231 478/385/231 510/385/231 511/387/231
f 466/361/232 465/359/232 497/359/232 498/361/232
f 493/415/233 492/413/233 524/413/233 525/415/233
f 480/389/234 479/387/234 511/387/234 512/389/234
f 467/363/235 466/361/235 498/361/235 499/363/235
f 494/417/236 493/415/236 525/415/236 526/417/236
f 481/391/237 480/389/237 512/389/237 513/391/237
f 468/365/238 467/363/238 499/363/238 500/365/238
f 464/419/239 494/417/239 526/417/239 496/419/239
f 482/393/240 481/391/240 513/391/240 514/393/240
f 469/367/241 468/365/241 500/365/241 501/367/241
f 553/407/242 552/405/242 584/405/242 585/407/242
f 505/375/243 504/373/243 536/373/243 537/375/243
f 519/403/244 518/401/244 550/401/244 551/403/244
f 506/377/245 505/375/245 537/375/245 538/377/245
f 520/405/246 519/403/246 551/403/246 552/405/246
f 507/379/247 506/377/247 538/377/247 539/379/247
f 521/407/248 520/405/248 552/405/248 553/407/248
f 508/381/249 507/379/249 539/379/249 540/381/249
f 522/409/250 521/407/250 553/407/250 554/409/250
f 509/383/251 508/381/251 540/381/251 541/383/251
f 495/357/252 496/356/252 528/356/252 527/357/252
f 523/411/253 522/409/253 554/409/253 555/411/253
f 510/385/254 509/383/254 541/383/254 542/385/254
f 497/359/255 495/357/255 527/357/255 529/359/255
f 524/413/256 523/411/256 555/411/256 556/413/256
f 511/387/257 510/385/257 542/385/257 543/387/257
f 498/361/258 497/359/258 529/359/258 530/361/258
f 525/415/259 524/413/259 556/413/259 557/415/259
f 512/389/260 511/387/260 543/387/260 544/389/260
f 499/363/261 498/361/261 530/361/261 531/363/261
f 526/417/262 525/415/262 557/415/262 558/417/262
f 513/391/263 512/389/263 544/389/263 545/391/263
f 500/365/264 499/363/264 531/363/264 532/365/264
f 496/419/265 526/417/265 558/417/265 528/419/265
f 514/393/266 513/391/266 545/391/266 546/393/266
f 501/367/267 500/365/267 532/365/267 533/367/267
f 515/395/268 514/393/268 546/393/268 547/395/268
f 502/369/269 501/367/269 533/367/269 534/369/269
f 516/397/270 515/395/270 547/395/270 548/397/270
f 503/371/271 502/369/271 534/369/271 535/371/271
f 517/399/272 516/397/272 548/397/272 549/399/272
f 504/373/273 503/371/273 535/371/273 536/373/273
f 559/453/274 560/454/274 590/455/274 589/456/274 588/457/274 587/458/274 586/459/274 585/460/274 584/461/274 583/462/274 582/463/274 581/464/274 580/465/274 579/466/274 578/467/274 577/468/274 576/469/274 575/470/274 574/471/274 573/472/274 572/473/274 571/474/274 570/475/274 569/476/274 568/477/274 567/478/274 566/479/274 565/480/274 564/481/274 563/482/274 562/483/274 561/484/274
f 540/381/275 539/379/275 571/379/275 572/381/275
f 554/409/276 553/407/276 585/407/276 586/409/276
f 541/383/277 540/381/277 572/381/277 573/383/277
f 527/357/278 528/356/278 560/356/278 559/357/278
f 555/411/279 554/409/279 586/409/279 587/411/279
f 542/385/280 541/383/280 573/383/280 574/385/280
f 529/359/281 527/357/281 559/357/281 561/359/281
f 556/413/282 555/411/282 587/411/282 588/413/282
f 543/387/283 542/385/283 574/385/283 575/387/283
f 530/361/284 529/359/284 561/359/284 562/361/284
f 557/415/285 556/413/285 588/413/285 589/415/285
f 544/389/286 543/387/286 575/387/286 576/389/286
f 531/363/287 530/361/287 562/361/287 563/363/287
f 558/417/288 557/415/288 589/415/288 590/417/288
f 545/391/289 544/389/289 576/389/289 577/391/289
f 532/365/290 531/363/290 563/363/290 564/365/290
f 528/419/291 558/417/291 590/417/291 560/419/291
f 546/393/292 545/391/292 577/391/292 578/393/292
f 533/367/293 532/365/293 564/365/293 565/367/293
f 547/395/294 546/393/294 578/393/294 579/395/294
f 534/369/295 533/367/295 565/367/295 566/369/295
f 548/397/296 547/395/296 579/395/296 580/397/296
f 535/371/297 534/369/297 566/369/297 567/371/297
f 549/399/298 548/397/298 580/397/298 581/399/298
f 536/373/299 535/371/299 567/371/299 568/373/299
f 550/401/300 549/399/300 581/399/300 582/401/300
f 537/375/301 536/373/301 568/373/301 569/375/301
f 551/403/302 550/401/302 582/401/302 583/403/302
f 538/377/303 537/375/303 569/375/303 570/377/303
f 552/405/304 551/403/304 583/403/304 584/405/304
f 539/379/305 538/377/305 570/377/305 571/379/305
f 483/395/306 482/393/306 610/393/306 611/395/306
f 469/367/307 470/369/307 598/369/307 597/367/307
f 483/395/308 484/397/308 612/397/308 611/395/308
f 470/369/309 471/371/309 599/371/309 598/369/309
f 484/397/310 485/399/310 613/399/310 612/397/310
f 471/371/311 472/373/311 600/373/311 599/371/311
f 485/399/312 486/401/312 614/401/312 613/399/312
f 472/373/313 473/375/313 601/375/313 600/373/313
f 486/401/314 487/403/314 615/403/314 614/401/314
f 473/375/315 474/377/315 602/377/315 601/375/315
f 487/403/316 488/405/316 616/405/316 615/403/316
f 474/377/317 475/379/317 603/379/317 602/377/317
f 488/405/318 489/407/318 617/407/318 616/405/318
f 475/379/319 476/381/319 604/381/319 603/379/319
f 489/407/320 490/409/320 618/409/320 617/407/320
f 476/381/321 477/383/321 605/383/321 604/381/321
f 464/356/322 463/357/322 591/357/322 592/356/322
f 490/409/323 491/411/323 619/411/323 618/409/323
f 477/383/324 478/385/324 606/385/324 605/383/324
f 463/357/325 465/359/325 593/359/325 591/357/325
f 491/411/326 492/413/326 620/413/326 619/411/326
f 478/385/327 479/387/327 607/387/327 606/385/327
f 465/359/328 466/361/328 594/361/328 593/359/328
f 492/413/329 493/415/329 621/415/329 620/413/329
f 479/387/330 480/389/330 608/389/330 607/387/330
f 466/361/306 467/363/306 595/363/306 594/361/306
f 493/415/331 494/417/331 622/417/331 621/415/331
f 480/389/332 481/391/332 609/391/332 608/389/332
f 467/363/333 468/365/333 596/365/333 595/363/333
f 494/417/334 464/419/334 592/419/334 622/417/334
f 481/391/335 482/393/335 610/393/335 609/391/335
f 468/365/336 469/367/336 597/367/336 596/365/336
f 591/357/337 593/359/337 594/361/337 595/363/337 596/365/337 597/367/337 598/369/337 599/371/337 600/373/337 601/375/337 602/377/337 603/379/337 604/381/337 605/383/337 606/385/337 607/387/337 608/389/337 609/391/337 610/393/337 611/395/337 612/397/337 613/399/337 614/401/337 615/403/337 616/405/337 617/407/337 618/409/337 619/411/337 620/413/337 621/415/337 622/417/337 592/419/337
o Tubo_2
v -0.447850 1.415215 0.517636
v -0.492123 1.415215 0.517636
v -0.447850 1.405535 0.518589
v -0.492123 1.405535 0.518589
v -0.447850 1.396227 0.521413
v -0.492123 1.396227 0.521413
v -0.447850 1.387648 0.525998
v -0.492123 1.387648 0.525998
v -0.447850 1.380130 0.532169
v -0.492123 1.380130 0.532169
v -0.447850 1.373959 0.539688
v -0.492123 1.373959 0.539688
v -0.447850 1.369374 0.548266
v -0.492123 1.369374 0.548266
v -0.447850 1.366550 0.557574
v -0.492123 1.366550 0.557574
v -0.447850 1.365597 0.567254
v -0.492123 1.365597 0.567254
v -0.447850 1.366550 0.576934
v -0.492123 1.366550 0.576934
v -0.447850 1.369374 0.586242
v -0.492123 1.369374 0.586242
v -0.447850 1.373959 0.594820
v -0.492123 1.373959 0.594820
v -0.447850 1.380130 0.602339
v -0.492123 1.380130 0.602339
v -0.447850 1.387648 0.608509
v -0.492123 1.387648 0.608509
v -0.447850 1.396227 0.613095
v -0.492123 1.396227 0.613095
v -0.447850 1.405535 0.615918
v -0.492123 1.405535 0.615918
v -0.447850 1.415215 0.616872
v -0.492123 1.415215 0.616872
v -0.447850 1.424895 0.615918
v -0.492123 1.424895 0.615918
v -0.447850 1.434203 0.613095
v -0.492123 1.434203 0.613095
v -0.447850 1.442781 0.608509
v -0.492123 1.442781 0.608509
v -0.447850 1.450300 0.602339
v -0.492123 1.450300 0.602339
v -0.447850 1.456470 0.594820
v -0.492123 1.456470 0.594820
v -0.447850 1.461055 0.586242
v -0.492123 1.461055 0.586242
v -0.447850 1.463879 0.576934
v -0.492123 1.463879 0.576934
v -0.447850 1.464832 0.567254
v -0.492123 1.464832 0.567254
v -0.447850 1.463879 0.557574
v -0.492123 1.463879 0.557574
v -0.447850 1.461055 0.548266
v -0.492123 1.461055 0.548266
v -0.447850 1.456470 0.539688
v -0.492123 1.456470 0.539688
v -0.447850 1.450300 0.532169
v -0.492123 1.450300 0.532169
v -0.447850 1.442781 0.525998
v -0.492123 1.442781 0.525998
v -0.447850 1.434203 0.521413
v -0.492123 1.434203 0.521413
v -0.447850 1.424895 0.518589
v -0.492123 1.424895 0.518589
v -0.568975 1.417967 0.522721
v -0.563955 1.426253 0.521849
v -0.573161 1.409576 0.525305
v -0.576352 1.401402 0.529501
v -0.578425 1.393758 0.535148
v -0.579301 1.386939 0.542028
v -0.578946 1.381206 0.549878
v -0.577373 1.376781 0.558396
v -0.574643 1.373832 0.567254
v -0.570862 1.372474 0.576112
v -0.566174 1.372758 0.584630
v -0.560759 1.374674 0.592480
v -0.554826 1.378147 0.599360
v -0.548603 1.383046 0.605007
v -0.542328 1.389180 0.609203
v -0.536243 1.396315 0.611787
v -0.530582 1.404176 0.612659
v -0.525562 1.412462 0.611787
v -0.521376 1.420853 0.609203
v -0.518185 1.429028 0.605007
v -0.516112 1.436671 0.599360
v -0.515237 1.443491 0.592480
v -0.515592 1.449223 0.584630
v -0.517164 1.453649 0.576112
v -0.519894 1.456597 0.567254
v -0.523675 1.457956 0.558396
v -0.528363 1.457672 0.549878
v -0.533778 1.455756 0.542028
v -0.539711 1.452282 0.535148
v -0.545934 1.447384 0.529501
v -0.552209 1.441249 0.525305
v -0.558294 1.434114 0.522721
v -0.568975 1.417967 0.522721
v -0.563955 1.426253 0.521849
v -0.573161 1.409576 0.525305
v -0.576352 1.401402 0.529501
v -0.578425 1.393758 0.535148
v -0.579301 1.386939 0.542028
v -0.578946 1.381206 0.549878
v -0.577373 1.376781 0.558396
v -0.574643 1.373832 0.567254
v -0.570862 1.372474 0.576112
v -0.566174 1.372758 0.584630
v -0.560759 1.374674 0.592480
v -0.554826 1.378147 0.599360
v -0.548603 1.383046 0.605007
v -0.542328 1.389180 0.609203
v -0.536243 1.396315 0.611787
v -0.530582 1.404176 0.612659
v -0.525562 1.412462 0.611787
v -0.521376 1.420853 0.609203
v -0.518185 1.429028 0.605007
v -0.516112 1.436671 0.599360
v -0.515237 1.443491 0.592480
v -0.515592 1.449223 0.584630
v -0.517164 1.453649 0.576112
v -0.519894 1.456597 0.567254
v -0.523675 1.457956 0.558396
v -0.528363 1.457672 0.549878
v -0.533778 1.455756 0.542028
v -0.539711 1.452282 0.535148
v -0.545934 1.447384 0.529501
v -0.552209 1.441249 0.525305
v -0.558294 1.434114 0.522721
v -0.711525 1.530367 0.601740
v -0.702322 1.533392 0.600867
v -0.720163 1.526718 0.604323
v -0.727905 1.522587 0.608519
v -0.734453 1.518131 0.614166
v -0.739555 1.513523 0.621047
v -0.743015 1.508939 0.628897
v -0.744701 1.504555 0.637414
v -0.744547 1.500540 0.646272
v -0.742559 1.497048 0.655131
v -0.738814 1.494214 0.663648
v -0.733456 1.492145 0.671498
v -0.726691 1.490923 0.678379
v -0.718778 1.490593 0.684025
v -0.710021 1.491168 0.688221
v -0.700758 1.492627 0.690805
v -0.691344 1.494913 0.691678
v -0.682141 1.497938 0.690805
v -0.673503 1.501586 0.688221
v -0.665761 1.505717 0.684025
v -0.659213 1.510173 0.678379
v -0.654111 1.514781 0.671498
v -0.650650 1.519365 0.663648
v -0.648965 1.523749 0.655130
v -0.649119 1.527764 0.646272
v -0.651106 1.531256 0.637414
v -0.654851 1.534091 0.628896
v -0.660209 1.536159 0.621046
v -0.666975 1.537382 0.614166
v -0.674888 1.537712 0.608519
v -0.683644 1.537136 0.604323
v -0.692908 1.535678 0.601740
v -0.758230 1.694085 0.676758
v -0.749027 1.697110 0.675886
v -0.766869 1.690436 0.679342
v -0.774611 1.686305 0.683538
v -0.781159 1.681850 0.689185
v -0.786261 1.677242 0.696065
v -0.789721 1.672657 0.703915
v -0.791407 1.668274 0.712433
v -0.791253 1.664259 0.721291
v -0.789265 1.660767 0.730149
v -0.785520 1.657932 0.738667
v -0.780162 1.655864 0.746517
v -0.773396 1.654641 0.753397
v -0.765483 1.654311 0.759044
v -0.756727 1.654886 0.763240
v -0.747464 1.656345 0.765824
v -0.738050 1.658631 0.766696
v -0.728847 1.661656 0.765824
v -0.720208 1.665304 0.763240
v -0.712466 1.669436 0.759044
v -0.705918 1.673891 0.753397
v -0.700816 1.678499 0.746517
v -0.697356 1.683084 0.738667
v -0.695670 1.687467 0.730149
v -0.695824 1.691482 0.721291
v -0.697812 1.694974 0.712433
v -0.701557 1.697809 0.703915
v -0.706915 1.699877 0.696065
v -0.713681 1.701100 0.689185
v -0.721594 1.701430 0.683538
v -0.730350 1.700855 0.679342
v -0.739613 1.699396 0.676758
v -0.778418 1.748835 0.678261
v -0.765038 1.753233 0.676992
v -0.790978 1.743531 0.682018
v -0.802233 1.737524 0.688118
v -0.811753 1.731047 0.696328
v -0.819171 1.724347 0.706331
v -0.824202 1.717682 0.717744
v -0.826653 1.711308 0.730128
v -0.826429 1.705471 0.743006
v -0.823539 1.700394 0.755885
v -0.818094 1.696273 0.768269
v -0.810304 1.693266 0.779682
v -0.800468 1.691488 0.789685
v -0.788963 1.691008 0.797895
v -0.776232 1.691845 0.803995
v -0.762765 1.693966 0.807752
v -0.749078 1.697289 0.809020
v -0.735698 1.701687 0.807752
v -0.723138 1.706992 0.803995
v -0.711883 1.712998 0.797895
v -0.702363 1.719476 0.789685
v -0.694945 1.726176 0.779681
v -0.689914 1.732840 0.768268
v -0.687463 1.739214 0.755885
v -0.687687 1.745051 0.743006
v -0.690577 1.750128 0.730127
v -0.696022 1.754249 0.717744
v -0.703812 1.757257 0.706331
v -0.713648 1.759034 0.696327
v -0.725153 1.759514 0.688118
v -0.737884 1.758677 0.682017
v -0.751351 1.756557 0.678261
v -0.837594 1.942534 0.746796
v -0.820632 1.948110 0.745188
v -0.853515 1.935810 0.751558
v -0.867784 1.928196 0.759291
v -0.879852 1.919985 0.769699
v -0.889255 1.911491 0.782380
v -0.895632 1.903043 0.796847
v -0.898739 1.894963 0.812546
v -0.898455 1.887563 0.828872
v -0.894792 1.881127 0.845197
v -0.887890 1.875903 0.860896
v -0.878015 1.872091 0.875363
v -0.865545 1.869838 0.888044
v -0.850961 1.869229 0.898452
v -0.834823 1.870290 0.906185
v -0.817751 1.872978 0.910947
v -0.800400 1.877191 0.912555
v -0.783439 1.882767 0.910947
v -0.767518 1.889491 0.906185
v -0.753249 1.897105 0.898451
v -0.741181 1.905316 0.888044
v -0.731778 1.913810 0.875363
v -0.725400 1.922258 0.860895
v -0.722294 1.930338 0.845197
v -0.722578 1.937738 0.828871
v -0.726241 1.944173 0.812545
v -0.733143 1.949398 0.796847
v -0.743018 1.953210 0.782379
v -0.755487 1.955463 0.769698
v -0.770071 1.956071 0.759291
v -0.786210 1.955011 0.751558
v -0.803282 1.952323 0.746796
v -0.833233 1.967837 0.803444
v -0.824030 1.970863 0.802571
v -0.841871 1.964189 0.806028
v -0.849613 1.960058 0.810224
v -0.856161 1.955602 0.815870
v -0.861263 1.950994 0.822751
v -0.864724 1.946410 0.830601
v -0.866409 1.942026 0.839118
v -0.866255 1.938011 0.847977
v -0.864268 1.934519 0.856835
v -0.860523 1.931684 0.865352
v -0.855164 1.929616 0.873202
v -0.848399 1.928393 0.880083
v -0.840486 1.928063 0.885730
v -0.831729 1.928639 0.889925
v -0.822466 1.930097 0.892509
v -0.813052 1.932383 0.893382
v -0.803849 1.935409 0.892509
v -0.795211 1.939057 0.889925
v -0.787469 1.943188 0.885729
v -0.780921 1.947644 0.880083
v -0.775819 1.952252 0.873202
v -0.772359 1.956836 0.865352
v -0.770673 1.961220 0.856835
v -0.770827 1.965235 0.847976
v -0.772815 1.968727 0.839118
v -0.776559 1.971561 0.830601
v -0.781918 1.973630 0.822751
v -0.788683 1.974853 0.815870
v -0.796596 1.975183 0.810223
v -0.805353 1.974607 0.806028
v -0.814616 1.973148 0.803444
vn -0.0000 -0.0980 -0.9952
vn -0.0000 -0.2903 -0.9569
vn -0.0000 -0.4714 -0.8819
vn -0.0000 -0.6344 -0.7730
vn -0.0000 -0.7730 -0.6344
vn -0.0000 -0.8819 -0.4714
vn -0.0000 -0.9569 -0.2903
vn -0.0000 -0.9952 -0.0980
vn -0.0000 -0.9952 0.0980
vn -0.0000 -0.9569 0.2903
vn -0.0000 -0.8819 0.4714
vn -0.0000 -0.7730 0.6344
vn -0.0000 -0.6344 0.7730
vn -0.0000 -0.4714 0.8819
vn -0.0000 -0.2903 0.9569
vn -0.0000 -0.0980 0.9952
vn -0.0000 0.0980 0.9952
vn -0.0000 0.2903 0.9569
vn -0.0000 0.4714 0.8819
vn -0.0000 0.6344 0.7730
vn -0.0000 0.7730 0.6344
vn -0.0000 0.8819 0.4714
vn -0.0000 0.9569 0.2903
vn -0.0000 0.9952 0.0980
vn -0.0000 0.9952 -0.0980
vn -0.0000 0.9569 -0.2903
vn -0.0000 0.8819 -0.4714
vn -0.0000 0.7730 -0.6344
vn -0.0000 0.6344 -0.7730
vn -0.0000 0.4714 -0.8819
vn -0.0627 -0.9803 0.1874
vn -0.0000 0.2903 -0.9569
vn -0.0000 0.0980 -0.9952
vn 1.0000 -0.0000 -0.0000
vn -1.0000 -0.0000 -0.0000
vn -0.3456 0.4864 0.8025
vn -0.0210 0.8346 -0.5504
vn -0.1318 -0.8407 -0.5252
vn -0.0288 -0.3026 0.9527
vn -0.3237 0.9151 0.2403
vn -0.0929 -0.2708 -0.9582
vn -0.0370 -0.9250 0.3782
vn -0.4143 0.5941 0.6896
vn -0.0015 0.6898 -0.7240
vn -0.1235 -0.9230 -0.3645
vn -0.0815 -0.0771 0.9937
vn -0.2307 0.9706 0.0683
vn -0.1126 -0.4444 -0.8887
vn -0.0147 -0.8280 0.5606
vn -0.4484 0.6771 0.5835
vn -0.0032 0.5135 -0.8581
vn -0.1083 -0.9759 -0.1895
vn -0.1603 0.1440 0.9765
vn -0.1395 0.9811 -0.1343
vn -0.1262 -0.5990 -0.7907
vn -0.0013 -0.6890 0.7247
vn -0.4431 0.7548 0.4836
vn -0.0192 0.3187 -0.9477
vn -0.0874 -0.9962 -0.0039
vn -0.2546 0.3371 0.9064
vn -0.0669 0.9351 -0.3480
vn -0.1328 -0.7319 -0.6683
vn -0.0037 -0.5113 0.8594
vn -0.3993 0.8365 0.3754
vn -0.0687 -0.0818 -0.9943
vn -0.0428 0.1171 -0.9922
vn 0.3144 -0.2542 0.9146
vn 0.6956 -0.1257 0.7074
vn -0.6024 -0.2714 -0.7506
vn -0.0516 0.5807 -0.8125
vn 0.4261 -0.0666 0.9022
vn -0.6502 -0.4213 -0.6323
vn -0.1854 0.4275 -0.8848
vn 0.5129 0.1236 0.8495
vn -0.6726 -0.5504 -0.4947
vn 0.5715 0.3042 0.7621
vn -0.6707 -0.6570 -0.3442
vn 0.6024 0.4656 0.6483
vn -0.6459 -0.7404 -0.1859
vn 0.6088 0.6024 0.5162
vn -0.5995 -0.8000 -0.0238
vn 0.5949 0.7124 0.3723
vn -0.5328 -0.8348 0.1388
vn 0.5642 0.7955 0.2209
vn -0.4469 -0.8433 0.2985
vn 0.5192 0.8522 0.0642
vn -0.3433 -0.8236 0.4515
vn 0.4606 0.8824 -0.0959
vn -0.2240 -0.7733 0.5932
vn 0.3878 0.8850 -0.2575
vn -0.0925 -0.6903 0.7176
vn -0.3150 0.2550 -0.9142
vn 0.2999 0.8580 -0.4171
vn 0.0462 -0.5741 0.8175
vn -0.4318 0.0742 -0.8989
vn 0.1962 0.7988 -0.5687
vn 0.1848 -0.4267 0.8853
vn -0.5290 -0.1043 -0.8422
vn 0.0778 0.7061 -0.7039
vn 0.9757 -0.1997 0.0903
vn -0.9523 -0.1500 -0.2656
vn 0.8135 -0.0339 0.5805
vn -0.9678 -0.2350 -0.0897
vn 0.9002 0.0592 0.4314
vn -0.9462 -0.3110 0.0897
vn 0.9523 0.1500 0.2656
vn -0.8881 -0.3751 0.2656
vn 0.9678 0.2350 0.0897
vn -0.7959 -0.4247 0.4314
vn 0.9462 0.3110 -0.0897
vn -0.6732 -0.4581 0.5805
vn 0.8881 0.3751 -0.2656
vn -0.5245 -0.4738 0.7074
vn 0.7959 0.4247 -0.4314
vn -0.3558 -0.4713 0.8070
vn -0.2043 0.3590 -0.9107
vn 0.6732 0.4581 -0.5805
vn -0.1733 -0.4507 0.8757
vn -0.3850 0.2914 -0.8757
vn 0.5245 0.4738 -0.7074
vn 0.0158 -0.4128 0.9107
vn -0.5509 0.2127 -0.8070
vn 0.3558 0.4713 -0.8070
vn 0.2043 -0.3590 0.9107
vn -0.6956 0.1257 -0.7074
vn 0.1733 0.4507 -0.8757
vn 0.3850 -0.2914 0.8757
vn -0.8135 0.0339 -0.5805
vn -0.0158 0.4128 -0.9107
vn 0.5509 -0.2126 0.8070
vn -0.9002 -0.0592 -0.4314
vn 0.9071 0.2945 -0.3008
vn -0.7235 -0.6844 0.0903
vn 0.9900 -0.1211 -0.0721
vn -0.6384 -0.7302 0.2433
vn 0.9700 -0.0510 -0.2377
vn -0.5250 -0.7610 0.3810
vn 0.9164 0.0082 -0.4002
vn -0.3878 -0.7755 0.4982
vn 0.8313 0.0540 -0.5532
vn -0.2320 -0.7732 0.5902
vn -0.0922 -0.0067 -0.9957
vn 0.7180 0.0848 -0.6909
vn -0.0635 -0.7542 0.6535
vn -0.2590 -0.0691 -0.9634
vn 0.5807 0.0993 -0.8080
vn 0.1111 -0.7192 0.6859
vn -0.4121 -0.1418 -0.9000
vn 0.4249 0.0970 -0.9000
vn 0.2851 -0.6696 0.6859
vn -0.5457 -0.2221 -0.8080
vn 0.2564 0.0780 -0.9634
vn 0.4519 -0.6072 0.6535
vn -0.6546 -0.3068 -0.6909
vn 0.0818 0.0430 -0.9957
vn 0.6050 -0.5344 0.5902
vn -0.7347 -0.3927 -0.5532
vn 0.7386 -0.4542 0.4982
vn -0.7828 -0.4766 -0.4002
vn 0.8475 -0.3694 0.3810
vn -0.7971 -0.5551 -0.2377
vn 0.9276 -0.2835 0.2433
vn -0.7771 -0.6253 -0.0721
vn -0.2510 0.8800 0.4032
vn -0.4999 -0.5509 0.6683
vn 0.8153 0.3439 -0.4659
vn -0.3318 -0.5485 0.7675
vn -0.1810 0.2785 -0.9432
vn 0.6930 0.3771 -0.6144
vn -0.1500 -0.5280 0.8359
vn -0.3609 0.2112 -0.9084
vn 0.5450 0.3928 -0.7408
vn 0.0383 -0.4902 0.8708
vn -0.5261 0.1327 -0.8400
vn 0.3769 0.3903 -0.8400
vn 0.2261 -0.4366 0.8708
vn -0.6702 0.0461 -0.7408
vn 0.1952 0.3698 -0.9084
vn 0.4060 -0.3693 0.8359
vn -0.7877 -0.0453 -0.6144
vn 0.0068 0.3320 -0.9432
vn 0.5712 -0.2909 0.7675
vn -0.8740 -0.1380 -0.4659
vn 0.7153 -0.2043 0.6683
vn -0.9259 -0.2284 -0.3008
vn 0.8328 -0.1129 0.5419
vn -0.9414 -0.3131 -0.1256
vn 0.9192 -0.0202 0.3934
vn -0.9198 -0.3889 0.0531
vn 0.9710 0.0703 0.2283
vn -0.8620 -0.4527 0.2283
vn 0.9865 0.1550 0.0531
vn -0.7702 -0.5021 0.3934
vn 0.9649 0.2307 -0.1256
vn -0.6479 -0.5353 0.5419
vn 0.6971 -0.1311 0.7049
vn 0.9540 0.1442 0.2630
vn -0.8151 0.0397 -0.5779
vn 0.9694 0.2295 0.0872
vn -0.9019 -0.0533 -0.4287
vn 0.9476 0.3060 -0.0920
vn -0.9540 -0.1442 -0.2630
vn 0.8893 0.3708 -0.2676
vn -0.9694 -0.2295 -0.0872
vn 0.7969 0.4213 -0.4329
vn -0.9476 -0.3060 0.0920
vn 0.6739 0.4556 -0.5816
vn -0.8893 -0.3708 0.2676
vn 0.5249 0.4725 -0.7080
vn -0.7969 -0.4213 0.4329
vn 0.3558 0.4711 -0.8071
vn 0.2052 -0.3621 0.9093
vn -0.6739 -0.4556 0.5816
vn 0.1730 0.4517 -0.8752
vn 0.3862 -0.2955 0.8738
vn -0.5249 -0.4725 0.7080
vn -0.0164 0.4149 -0.9097
vn 0.5522 -0.2174 0.8048
vn -0.3558 -0.4711 0.8071
vn -0.2052 0.3621 -0.9093
vn -0.1730 -0.4517 0.8752
vn -0.3862 0.2955 -0.8738
vn 0.8151 -0.0397 0.5779
vn 0.0164 -0.4149 0.9097
vn -0.5522 0.2174 -0.8048
vn 0.9019 0.0533 0.4287
vn 0.2510 -0.8800 -0.4032
vt 1.000000 0.500000
vt 1.000000 1.000000
vt 0.968750 1.000000
vt 0.968750 0.500000
vt 0.937500 1.000000
vt 0.937500 0.500000
vt 0.906250 1.000000
vt 0.906250 0.500000
vt 0.875000 1.000000
vt 0.875000 0.500000
vt 0.843750 1.000000
vt 0.843750 0.500000
vt 0.812500 1.000000
vt 0.812500 0.500000
vt 0.781250 1.000000
vt 0.781250 0.500000
vt 0.750000 1.000000
vt 0.750000 0.500000
vt 0.718750 1.000000
vt 0.718750 0.500000
vt 0.687500 1.000000
vt 0.687500 0.500000
vt 0.656250 1.000000
vt 0.656250 0.500000
vt 0.625000 1.000000
vt 0.625000 0.500000
vt 0.593750 1.000000
vt 0.593750 0.500000
vt 0.562500 1.000000
vt 0.562500 0.500000
vt 0.531250 1.000000
vt 0.531250 0.500000
vt 0.500000 1.000000
vt 0.500000 0.500000
vt 0.468750 1.000000
vt 0.468750 0.500000
vt 0.437500 1.000000
vt 0.437500 0.500000
vt 0.406250 1.000000
vt 0.406250 0.500000
vt 0.375000 1.000000
vt 0.375000 0.500000
vt 0.343750 1.000000
vt 0.343750 0.500000
vt 0.312500 1.000000
vt 0.312500 0.500000
vt 0.281250 1.000000
vt 0.281250 0.500000
vt 0.250000 1.000000
vt 0.250000 0.500000
vt 0.218750 1.000000
vt 0.218750 0.500000
vt 0.187500 1.000000
vt 0.187500 0.500000
vt 0.156250 1.000000
vt 0.156250 0.500000
vt 0.125000 1.000000
vt 0.125000 0.500000
vt 0.093750 1.000000
vt 0.093750 0.500000
vt 0.062500 1.000000
vt 0.062500 0.500000
vt 0.031250 1.000000
vt 0.031250 0.500000
vt 0.000000 1.000000
vt 0.000000 0.500000
vt 0.750000 0.490000
vt 0.796822 0.485388
vt 0.841844 0.471731
vt 0.883337 0.449553
vt 0.919706 0.419706
vt 0.949553 0.383337
vt 0.971731 0.341844
vt 0.985388 0.296822
vt 0.990000 0.250000
vt 0.985388 0.203178
vt 0.971731 0.158156
vt 0.949553 0.116663
vt 0.919706 0.080294
vt 0.883337 0.050447
vt 0.841844 0.028269
vt 0.796822 0.014612
vt 0.750000 0.010000
vt 0.703178 0.014612
vt 0.658156 0.028269
vt 0.616663 0.050447
vt 0.580294 0.080294
vt 0.550447 0.116663
vt 0.528269 0.158156
vt 0.514612 0.203178
vt 0.510000 0.250000
vt 0.514612 0.296822
vt 0.528269 0.341844
vt 0.550447 0.383337
vt 0.580294 0.419706
vt 0.616663 0.449553
vt 0.658156 0.471731
vt 0.703178 0.485388
vt 0.296822 0.485388
vt 0.250000 0.490000
vt 0.203178 0.485388
vt 0.158156 0.471731
vt 0.116663 0.449553
vt 0.080294 0.419706
vt 0.050447 0.383337
vt 0.028269 0.341844
vt 0.014612 0.296822
vt 0.010000 0.250000
vt 0.014612 0.203178
vt 0.028269 0.158156
vt 0.050447 0.116663
vt 0.080294 0.080294
vt 0.116663 0.050447
vt 0.158156 0.028269
vt 0.203178 0.014612
vt 0.250000 0.010000
vt 0.296822 0.014612
vt 0.341844 0.028269
vt 0.383337 0.050447
vt 0.419706 0.080294
vt 0.449553 0.116663
vt 0.471731 0.158156
vt 0.485388 0.203178
vt 0.490000 0.250000
vt 0.485388 0.296822
vt 0.471731 0.341844
vt 0.449553 0.383337
vt 0.419706 0.419706
vt 0.383337 0.449553
vt 0.341844 0.471731
s 0
usemtl Material.008
f 623/485/338 625/488/338 626/487/338 624/486/338
f 625/488/339 627/490/339 628/489/339 626/487/339
f 627/490/340 629/492/340 630/491/340 628/489/340
f 629/492/341 631/494/341 632/493/341 630/491/341
f 631/494/342 633/496/342 634/495/342 632/493/342
f 633/496/343 635/498/343 636/497/343 634/495/343
f 635/498/344 637/500/344 638/499/344 636/497/344
f 637/500/345 639/502/345 640/501/345 638/499/345
f 639/502/346 641/504/346 642/503/346 640/501/346
f 641/504/347 643/506/347 644/505/347 642/503/347
f 643/506/348 645/508/348 646/507/348 644/505/348
f 645/508/349 647/510/349 648/509/349 646/507/349
f 647/510/350 649/512/350 650/511/350 648/509/350
f 649/512/351 651/514/351 652/513/351 650/511/351
f 651/514/352 653/516/352 654/515/352 652/513/352
f 653/516/353 655/518/353 656/517/353 654/515/353
f 655/518/354 657/520/354 658/519/354 656/517/354
f 657/520/355 659/522/355 660/521/355 658/519/355
f 659/522/356 661/524/356 662/523/356 660/521/356
f 661/524/357 663/526/357 664/525/357 662/523/357
f 663/526/358 665/528/358 666/527/358 664/525/358
f 665/528/359 667/530/359 668/529/359 666/527/359
f 667/530/360 669/532/360 670/531/360 668/529/360
f 669/532/361 671/534/361 672/533/361 670/531/361
f 671/534/362 673/536/362 674/535/362 672/533/362
f 673/536/363 675/538/363 676/537/363 674/535/363
f 675/538/364 677/540/364 678/539/364 676/537/364
f 677/540/365 679/542/365 680/541/365 678/539/365
f 679/542/366 681/544/366 682/543/366 680/541/366
f 681/544/367 683/546/367 684/545/367 682/543/367
f 644/505/368 697/505/368 696/503/368 642/503/368
f 683/546/369 685/548/369 686/547/369 684/545/369
f 685/548/370 623/550/370 624/549/370 686/547/370
f 623/551/371 685/582/371 683/581/371 681/580/371 679/579/371 677/578/371 675/577/371 673/576/371 671/575/371 669/574/371 667/573/371 665/572/371 663/571/371 661/570/371 659/569/371 657/568/371 655/567/371 653/566/371 651/565/371 649/564/371 647/563/371 645/562/371 643/561/371 641/560/371 639/559/371 637/558/371 635/557/371 633/556/371 631/555/371 629/554/371 627/553/371 625/552/371
f 701/513/372 733/513/372 732/511/372 700/511/372
f 662/523/373 706/523/373 705/521/373 660/521/373
f 680/541/374 715/541/374 714/539/374 678/539/374
f 636/497/375 693/497/375 692/495/375 634/495/375
f 654/515/376 702/515/376 701/513/376 652/513/376
f 672/533/377 711/533/377 710/531/377 670/531/377
f 628/489/378 689/489/378 687/487/378 626/487/378
f 646/507/379 698/507/379 697/505/379 644/505/379
f 664/525/380 707/525/380 706/523/380 662/523/380
f 682/543/381 716/543/381 715/541/381 680/541/381
f 638/499/382 694/499/382 693/497/382 636/497/382
f 656/517/383 703/517/383 702/515/383 654/515/383
f 674/535/384 712/535/384 711/533/384 672/533/384
f 630/491/385 690/491/385 689/489/385 628/489/385
f 648/509/386 699/509/386 698/507/386 646/507/386
f 666/527/387 708/527/387 707/525/387 664/525/387
f 684/545/388 717/545/388 716/543/388 682/543/388
f 640/501/389 695/501/389 694/499/389 638/499/389
f 658/519/390 704/519/390 703/517/390 656/517/390
f 676/537/391 713/537/391 712/535/391 674/535/391
f 632/493/392 691/493/392 690/491/392 630/491/392
f 650/511/393 700/511/393 699/509/393 648/509/393
f 668/529/394 709/529/394 708/527/394 666/527/394
f 686/547/395 718/547/395 717/545/395 684/545/395
f 642/503/396 696/503/396 695/501/396 640/501/396
f 660/521/397 705/521/397 704/519/397 658/519/397
f 678/539/398 714/539/398 713/537/398 676/537/398
f 634/495/399 692/495/399 691/493/399 632/493/399
f 652/513/400 701/513/400 700/511/400 650/511/400
f 670/531/401 710/531/401 709/529/401 668/529/401
f 626/487/402 687/487/402 688/486/402 624/486/402
f 624/549/403 688/549/403 718/547/403 686/547/403
f 736/519/404 768/519/404 767/517/404 735/517/404
f 687/487/372 719/487/372 720/486/372 688/486/372
f 715/541/372 747/541/372 746/539/372 714/539/372
f 702/515/372 734/515/372 733/513/372 701/513/372
f 689/489/372 721/489/372 719/487/372 687/487/372
f 716/543/372 748/543/372 747/541/372 715/541/372
f 703/517/372 735/517/372 734/515/372 702/515/372
f 690/491/372 722/491/372 721/489/372 689/489/372
f 717/545/372 749/545/372 748/543/372 716/543/372
f 704/519/372 736/519/372 735/517/372 703/517/372
f 691/493/372 723/493/372 722/491/372 690/491/372
f 718/547/372 750/547/372 749/545/372 717/545/372
f 705/521/372 737/521/372 736/519/372 704/519/372
f 692/495/372 724/495/372 723/493/372 691/493/372
f 688/549/372 720/549/372 750/547/372 718/547/372
f 706/523/372 738/523/372 737/521/372 705/521/372
f 693/497/372 725/497/372 724/495/372 692/495/372
f 707/525/372 739/525/372 738/523/372 706/523/372
f 694/499/372 726/499/372 725/497/372 693/497/372
f 708/527/372 740/527/372 739/525/372 707/525/372
f 695/501/372 727/501/372 726/499/372 694/499/372
f 709/529/372 741/529/372 740/527/372 708/527/372
f 696/503/372 728/503/372 727/501/372 695/501/372
f 710/531/372 742/531/372 741/529/372 709/529/372
f 697/505/372 729/505/372 728/503/372 696/503/372
f 711/533/372 743/533/372 742/531/372 710/531/372
f 698/507/372 730/507/372 729/505/372 697/505/372
f 712/535/372 744/535/372 743/533/372 711/533/372
f 699/509/372 731/509/372 730/507/372 698/507/372
f 713/537/372 745/537/372 744/535/372 712/535/372
f 700/511/372 732/511/372 731/509/372 699/509/372
f 714/539/372 746/539/372 745/537/372 713/537/372
f 771/525/405 803/525/405 802/523/405 770/523/405
f 723/493/406 755/493/406 754/491/406 722/491/406
f 750/547/407 782/547/407 781/545/407 749/545/407
f 737/521/408 769/521/408 768/519/408 736/519/408
f 724/495/409 756/495/409 755/493/409 723/493/409
f 720/549/410 752/549/410 782/547/410 750/547/410
f 738/523/411 770/523/411 769/521/411 737/521/411
f 725/497/412 757/497/412 756/495/412 724/495/412
f 739/525/413 771/525/413 770/523/413 738/523/413
f 726/499/414 758/499/414 757/497/414 725/497/414
f 740/527/415 772/527/415 771/525/415 739/525/415
f 727/501/416 759/501/416 758/499/416 726/499/416
f 741/529/417 773/529/417 772/527/417 740/527/417
f 728/503/418 760/503/418 759/501/418 727/501/418
f 742/531/419 774/531/419 773/529/419 741/529/419
f 729/505/420 761/505/420 760/503/420 728/503/420
f 743/533/421 775/533/421 774/531/421 742/531/421
f 730/507/422 762/507/422 761/505/422 729/505/422
f 744/535/423 776/535/423 775/533/423 743/533/423
f 731/509/424 763/509/424 762/507/424 730/507/424
f 745/537/425 777/537/425 776/535/425 744/535/425
f 732/511/426 764/511/426 763/509/426 731/509/426
f 746/539/427 778/539/427 777/537/427 745/537/427
f 733/513/428 765/513/428 764/511/428 732/511/428
f 719/487/429 751/487/429 752/486/429 720/486/429
f 747/541/430 779/541/430 778/539/430 746/539/430
f 734/515/431 766/515/431 765/513/431 733/513/431
f 721/489/432 753/489/432 751/487/432 719/487/432
f 748/543/433 780/543/433 779/541/433 747/541/433
f 735/517/434 767/517/434 766/515/434 734/515/434
f 722/491/435 754/491/435 753/489/435 721/489/435
f 749/545/436 781/545/436 780/543/436 748/543/436
f 806/531/437 838/531/437 837/529/437 805/529/437
f 758/499/438 790/499/438 789/497/438 757/497/438
f 772/527/439 804/527/439 803/525/439 771/525/439
f 759/501/440 791/501/440 790/499/440 758/499/440
f 773/529/441 805/529/441 804/527/441 772/527/441
f 760/503/442 792/503/442 791/501/442 759/501/442
f 774/531/443 806/531/443 805/529/443 773/529/443
f 761/505/444 793/505/444 792/503/444 760/503/444
f 775/533/445 807/533/445 806/531/445 774/531/445
f 762/507/446 794/507/446 793/505/446 761/505/446
f 776/535/447 808/535/447 807/533/447 775/533/447
f 763/509/448 795/509/448 794/507/448 762/507/448
f 777/537/449 809/537/449 808/535/449 776/535/449
f 764/511/450 796/511/450 795/509/450 763/509/450
f 778/539/451 810/539/451 809/537/451 777/537/451
f 765/513/452 797/513/452 796/511/452 764/511/452
f 751/487/453 783/487/453 784/486/453 752/486/453
f 779/541/454 811/541/454 810/539/454 778/539/454
f 766/515/455 798/515/455 797/513/455 765/513/455
f 753/489/456 785/489/456 783/487/456 751/487/456
f 780/543/457 812/543/457 811/541/457 779/541/457
f 767/517/458 799/517/458 798/515/458 766/515/458
f 754/491/459 786/491/459 785/489/459 753/489/459
f 781/545/460 813/545/460 812/543/460 780/543/460
f 768/519/461 800/519/461 799/517/461 767/517/461
f 755/493/462 787/493/462 786/491/462 754/491/462
f 782/547/463 814/547/463 813/545/463 781/545/463
f 769/521/464 801/521/464 800/519/464 768/519/464
f 756/495/465 788/495/465 787/493/465 755/493/465
f 752/549/466 784/549/466 814/547/466 782/547/466
f 770/523/467 802/523/467 801/521/467 769/521/467
f 757/497/468 789/497/468 788/495/468 756/495/468
f 841/537/469 873/537/469 872/535/469 840/535/469
f 793/505/470 825/505/470 824/503/470 792/503/470
f 807/533/471 839/533/471 838/531/471 806/531/471
f 794/507/472 826/507/472 825/505/472 793/505/472
f 808/535/473 840/535/473 839/533/473 807/533/473
f 795/509/474 827/509/474 826/507/474 794/507/474
f 809/537/475 841/537/475 840/535/475 808/535/475
f 796/511/476 828/511/476 827/509/476 795/509/476
f 810/539/477 842/539/477 841/537/477 809/537/477
f 797/513/478 829/513/478 828/511/478 796/511/478
f 783/487/479 815/487/479 816/486/479 784/486/479
f 811/541/480 843/541/480 842/539/480 810/539/480
f 798/515/481 830/515/481 829/513/481 797/513/481
f 785/489/482 817/489/482 815/487/482 783/487/482
f 812/543/483 844/543/483 843/541/483 811/541/483
f 799/517/484 831/517/484 830/515/484 798/515/484
f 786/491/485 818/491/485 817/489/485 785/489/485
f 813/545/486 845/545/486 844/543/486 812/543/486
f 800/519/487 832/519/487 831/517/487 799/517/487
f 787/493/488 819/493/488 818/491/488 786/491/488
f 814/547/489 846/547/489 845/545/489 813/545/489
f 801/521/490 833/521/490 832/519/490 800/519/490
f 788/495/491 820/495/491 819/493/491 787/493/491
f 784/549/492 816/549/492 846/547/492 814/547/492
f 802/523/493 834/523/493 833/521/493 801/521/493
f 789/497/494 821/497/494 820/495/494 788/495/494
f 803/525/495 835/525/495 834/523/495 802/523/495
f 790/499/496 822/499/496 821/497/496 789/497/496
f 804/527/497 836/527/497 835/525/497 803/525/497
f 791/501/498 823/501/498 822/499/498 790/499/498
f 805/529/499 837/529/499 836/527/499 804/527/499
f 792/503/500 824/503/500 823/501/500 791/501/500
f 847/583/501 849/614/501 850/613/501 851/612/501 852/611/501 853/610/501 854/609/501 855/608/501 856/607/501 857/606/501 858/605/501 859/604/501 860/603/501 861/602/501 862/601/501 863/600/501 864/599/501 865/598/501 866/597/501 867/596/501 868/595/501 869/594/501 870/593/501 871/592/501 872/591/501 873/590/501 874/589/501 875/588/501 876/587/501 877/586/501 878/585/501 848/584/501
f 828/511/502 860/511/502 859/509/502 827/509/502
f 842/539/503 874/539/503 873/537/503 841/537/503
f 829/513/504 861/513/504 860/511/504 828/511/504
f 815/487/505 847/487/505 848/486/505 816/486/505
f 843/541/506 875/541/506 874/539/506 842/539/506
f 830/515/507 862/515/507 861/513/507 829/513/507
f 817/489/508 849/489/508 847/487/508 815/487/508
f 844/543/509 876/543/509 875/541/509 843/541/509
f 831/517/510 863/517/510 862/515/510 830/515/510
f 818/491/511 850/491/511 849/489/511 817/489/511
f 845/545/512 877/545/512 876/543/512 844/543/512
f 832/519/513 864/519/513 863/517/513 831/517/513
f 819/493/514 851/493/514 850/491/514 818/491/514
f 846/547/515 878/547/515 877/545/515 845/545/515
f 833/521/516 865/521/516 864/519/516 832/519/516
f 820/495/517 852/495/517 851/493/517 819/493/517
f 816/549/518 848/549/518 878/547/518 846/547/518
f 834/523/519 866/523/519 865/521/519 833/521/519
f 821/497/520 853/497/520 852/495/520 820/495/520
f 835/525/521 867/525/521 866/523/521 834/523/521
f 822/499/522 854/499/522 853/497/522 821/497/522
f 836/527/523 868/527/523 867/525/523 835/525/523
f 823/501/524 855/501/524 854/499/524 822/499/524
f 837/529/525 869/529/525 868/527/525 836/527/525
f 824/503/526 856/503/526 855/501/526 823/501/526
f 838/531/527 870/531/527 869/529/527 837/529/527
f 825/505/528 857/505/528 856/503/528 824/503/528
f 839/533/529 871/533/529 870/531/529 838/531/529
f 826/507/530 858/507/530 857/505/530 825/505/530
f 840/535/531 872/535/531 871/533/531 839/533/531
f 827/509/532 859/509/532 858/507/532 826/507/532
f 771/525/533 899/525/533 898/523/533 770/523/533
f 757/497/534 885/497/534 886/499/534 758/499/534
f 771/525/535 899/525/535 900/527/535 772/527/535
f 758/499/536 886/499/536 887/501/536 759/501/536
f 772/527/537 900/527/537 901/529/537 773/529/537
f 759/501/538 887/501/538 888/503/538 760/503/538
f 773/529/539 901/529/539 902/531/539 774/531/539
f 760/503/540 888/503/540 889/505/540 761/505/540
f 774/531/541 902/531/541 903/533/541 775/533/541
f 761/505/542 889/505/542 890/507/542 762/507/542
f 775/533/543 903/533/543 904/535/543 776/535/543
f 762/507/544 890/507/544 891/509/544 763/509/544
f 776/535/545 904/535/545 905/537/545 777/537/545
f 763/509/546 891/509/546 892/511/546 764/511/546
f 777/537/547 905/537/547 906/539/547 778/539/547
f 764/511/548 892/511/548 893/513/548 765/513/548
f 752/486/549 880/486/549 879/487/549 751/487/549
f 778/539/550 906/539/550 907/541/550 779/541/550
f 765/513/551 893/513/551 894/515/551 766/515/551
f 751/487/552 879/487/552 881/489/552 753/489/552
f 779/541/553 907/541/553 908/543/553 780/543/553
f 766/515/554 894/515/554 895/517/554 767/517/554
f 753/489/555 881/489/555 882/491/555 754/491/555
f 780/543/556 908/543/556 909/545/556 781/545/556
f 767/517/557 895/517/557 896/519/557 768/519/557
f 754/491/533 882/491/533 883/493/533 755/493/533
f 781/545/558 909/545/558 910/547/558 782/547/558
f 768/519/559 896/519/559 897/521/559 769/521/559
f 755/493/560 883/493/560 884/495/560 756/495/560
f 782/547/561 910/547/561 880/549/561 752/549/561
f 769/521/562 897/521/562 898/523/562 770/523/562
f 756/495/563 884/495/563 885/497/563 757/497/563
f 879/487/564 880/549/564 910/547/564 909/545/564 908/543/564 907/541/564 906/539/564 905/537/564 904/535/564 903/533/564 902/531/564 901/529/564 900/527/564 899/525/564 898/523/564 897/521/564 896/519/564 895/517/564 894/515/564 893/513/564 892/511/564 891/509/564 890/507/564 889/505/564 888/503/564 887/501/564 886/499/564 885/497/564 884/495/564 883/493/564 882/491/564 881/489/564
o Volante
v 0.082970 0.062928 0.821473
v 0.082970 0.230817 0.821691
v 0.082191 0.062907 0.829381
v 0.082191 0.230795 0.829599
v 0.079884 0.062886 0.836985
v 0.079884 0.230775 0.837203
v 0.076138 0.062868 0.843993
v 0.076138 0.230756 0.844211
v 0.071097 0.062851 0.850136
v 0.071097 0.230740 0.850354
v 0.064954 0.062838 0.855177
v 0.064954 0.230726 0.855395
v 0.057946 0.062827 0.858923
v 0.057946 0.230716 0.859141
v 0.050342 0.062821 0.861230
v 0.050342 0.230710 0.861448
v 0.042433 0.062819 0.862009
v 0.042433 0.230708 0.862227
v 0.034525 0.062821 0.861230
v 0.034525 0.230710 0.861448
v 0.026921 0.062827 0.858923
v 0.026921 0.230716 0.859141
v 0.019913 0.062838 0.855177
v 0.019913 0.230726 0.855395
v 0.013770 0.062851 0.850136
v 0.013770 0.230740 0.850354
v 0.008729 0.062868 0.843993
v 0.008729 0.230756 0.844211
v 0.004983 0.062886 0.836985
v 0.004983 0.230775 0.837203
v 0.002676 0.062907 0.829381
v 0.002676 0.230795 0.829599
v 0.001897 0.062928 0.821473
v 0.001897 0.230817 0.821691
v 0.002676 0.062949 0.813564
v 0.002676 0.230838 0.813782
v 0.004983 0.062970 0.805960
v 0.004983 0.230858 0.806178
v 0.008729 0.062989 0.798952
v 0.008729 0.230877 0.799170
v 0.013770 0.063005 0.792809
v 0.013770 0.230894 0.793027
v 0.019913 0.063019 0.787768
v 0.019913 0.230907 0.787986
v 0.026921 0.063029 0.784022
v 0.026921 0.230917 0.784240
v 0.034525 0.063035 0.781715
v 0.034525 0.230923 0.781933
v 0.042434 0.063037 0.780936
v 0.042434 0.230926 0.781154
v 0.050342 0.063035 0.781715
v 0.050342 0.230923 0.781933
v 0.057946 0.063029 0.784022
v 0.057946 0.230917 0.784240
v 0.064954 0.063019 0.787768
v 0.064954 0.230907 0.787986
v 0.071097 0.063005 0.792809
v 0.071097 0.230894 0.793027
v 0.076138 0.062989 0.798952
v 0.076138 0.230877 0.799170
v 0.079884 0.062970 0.805960
v 0.079884 0.230858 0.806178
v 0.082191 0.062949 0.813564
v 0.082191 0.230838 0.813782
v 0.245773 0.219664 0.831665
v 0.245773 0.273949 0.831187
v 0.241866 0.219059 0.871330
v 0.241866 0.273344 0.870852
v 0.230295 0.218478 0.909470
v 0.230295 0.272762 0.908993
v 0.211504 0.217942 0.944621
v 0.211504 0.272226 0.944143
v 0.186216 0.217472 0.975430
v 0.186216 0.271756 0.974953
v 0.155403 0.217086 1.000715
v 0.155403 0.271370 1.000238
v 0.120248 0.216799 1.019504
v 0.120248 0.271084 1.019026
v 0.082103 0.216623 1.031074
v 0.082103 0.270907 1.030596
v 0.042433 0.216563 1.034980
v 0.042433 0.270848 1.034503
v 0.002764 0.216623 1.031074
v 0.002764 0.270907 1.030596
v -0.035381 0.216799 1.019504
v -0.035381 0.271084 1.019026
v -0.070536 0.217086 1.000715
v -0.070536 0.271370 1.000238
v -0.101349 0.217472 0.975430
v -0.101349 0.271756 0.974953
v -0.126637 0.217942 0.944621
v -0.126637 0.272226 0.944143
v -0.145427 0.218478 0.909470
v -0.145427 0.272762 0.908993
v -0.156999 0.219059 0.871329
v -0.156999 0.273344 0.870852
v -0.160906 0.219664 0.831665
v -0.160906 0.273949 0.831187
v -0.156999 0.220269 0.792000
v -0.156999 0.274554 0.791522
v -0.145427 0.220851 0.753859
v -0.145427 0.275135 0.753381
v -0.126637 0.221387 0.718708
v -0.126637 0.275672 0.718231
v -0.101349 0.221857 0.687899
v -0.101349 0.276142 0.687421
v -0.070536 0.222243 0.662614
v -0.070536 0.276527 0.662136
v -0.035381 0.222529 0.643825
v -0.035381 0.276814 0.643348
v 0.002764 0.222706 0.632256
v 0.002764 0.276990 0.631778
v 0.042434 0.222765 0.628349
v 0.042434 0.277050 0.627871
v 0.082103 0.222706 0.632256
v 0.082103 0.276990 0.631778
v 0.120248 0.222529 0.643825
v 0.120248 0.276814 0.643348
v 0.155403 0.222243 0.662614
v 0.155403 0.276527 0.662136
v 0.186216 0.221857 0.687899
v 0.186216 0.276142 0.687421
v 0.211504 0.221387 0.718709
v 0.211504 0.275672 0.718231
v 0.230295 0.220851 0.753859
v 0.230295 0.275135 0.753382
v 0.241866 0.220269 0.792000
v 0.241866 0.274554 0.791522
vn 0.9952 -0.0001 0.0980
vn 0.9569 -0.0004 0.2903
vn 0.8819 -0.0006 0.4714
vn 0.7730 -0.0008 0.6344
vn 0.6344 -0.0010 0.7730
vn 0.4714 -0.0011 0.8819
vn 0.2903 -0.0012 0.9569
vn 0.0980 -0.0013 0.9952
vn -0.0980 -0.0013 0.9952
vn -0.2903 -0.0012 0.9569
vn -0.4714 -0.0011 0.8819
vn -0.6344 -0.0010 0.7730
vn -0.7730 -0.0008 0.6344
vn -0.8819 -0.0006 0.4714
vn -0.9569 -0.0004 0.2903
vn -0.9952 -0.0001 0.0980
vn -0.9952 0.0001 -0.0980
vn -0.9569 0.0004 -0.2903
vn -0.8819 0.0006 -0.4714
vn -0.7730 0.0008 -0.6344
vn -0.6344 0.0010 -0.7730
vn -0.4714 0.0011 -0.8819
vn -0.2903 0.0012 -0.9569
vn -0.0980 0.0013 -0.9952
vn 0.0980 0.0013 -0.9952
vn 0.2903 0.0012 -0.9569
vn 0.4714 0.0011 -0.8819
vn 0.6344 0.0010 -0.7730
vn 0.7730 0.0008 -0.6344
vn 0.8819 0.0006 -0.4714
vn -0.0000 1.0000 0.0027
vn 0.9569 0.0004 -0.2903
vn 0.9952 0.0001 -0.0980
vn -0.0000 -1.0000 -0.0027
vn 0.9952 0.0009 0.0980
vn 0.9569 0.0026 0.2903
vn 0.8819 0.0041 0.4715
vn 0.7729 0.0056 0.6345
vn 0.6343 0.0068 0.7731
vn 0.4713 0.0078 0.8819
vn 0.2902 0.0084 0.9569
vn 0.0980 0.0088 0.9951
vn -0.0980 0.0088 0.9951
vn -0.2902 0.0084 0.9569
vn -0.4713 0.0078 0.8819
vn -0.6343 0.0068 0.7731
vn -0.7729 0.0056 0.6345
vn -0.8819 0.0041 0.4715
vn -0.9569 0.0026 0.2904
vn -0.9952 0.0009 0.0980
vn -0.9952 -0.0009 -0.0980
vn -0.9569 -0.0026 -0.2904
vn -0.8819 -0.0041 -0.4715
vn -0.7729 -0.0056 -0.6345
vn -0.6343 -0.0068 -0.7731
vn -0.4713 -0.0078 -0.8819
vn -0.2902 -0.0084 -0.9569
vn -0.0980 -0.0088 -0.9951
vn 0.0980 -0.0088 -0.9951
vn 0.2902 -0.0084 -0.9569
vn 0.4713 -0.0078 -0.8819
vn 0.6343 -0.0068 -0.7731
vn 0.7729 -0.0056 -0.6345
vn 0.8819 -0.0041 -0.4715
vn -0.0000 0.9999 0.0153
vn 0.9569 -0.0026 -0.2903
vn 0.9952 -0.0009 -0.0980
vn -0.0000 -0.9999 -0.0153
vt 1.000000 0.500000
vt 1.000000 1.000000
vt 0.968750 1.000000
vt 0.968750 0.500000
vt 0.937500 1.000000
vt 0.937500 0.500000
vt 0.906250 1.000000
vt 0.906250 0.500000
vt 0.875000 1.000000
vt 0.875000 0.500000
vt 0.843750 1.000000
vt 0.843750 0.500000
vt 0.812500 1.000000
vt 0.812500 0.500000
vt 0.781250 1.000000
vt 0.781250 0.500000
vt 0.750000 1.000000
vt 0.750000 0.500000
vt 0.718750 1.000000
vt 0.718750 0.500000
vt 0.687500 1.000000
vt 0.687500 0.500000
vt 0.656250 1.000000
vt 0.656250 0.500000
vt 0.625000 1.000000
vt 0.625000 0.500000
vt 0.593750 1.000000
vt 0.593750 0.500000
vt 0.562500 1.000000
vt 0.562500 0.500000
vt 0.531250 1.000000
vt 0.531250 0.500000
vt 0.500000 1.000000
vt 0.500000 0.500000
vt 0.468750 1.000000
vt 0.468750 0.500000
vt 0.437500 1.000000
vt 0.437500 0.500000
vt 0.406250 1.000000
vt 0.406250 0.500000
vt 0.375000 1.000000
vt 0.375000 0.500000
vt 0.343750 1.000000
vt 0.343750 0.500000
vt 0.312500 1.000000
vt 0.312500 0.500000
vt 0.281250 1.000000
vt 0.281250 0.500000
vt 0.250000 1.000000
vt 0.250000 0.500000
vt 0.218750 1.000000
vt 0.218750 0.500000
vt 0.187500 1.000000
vt 0.187500 0.500000
vt 0.156250 1.000000
vt 0.156250 0.500000
vt 0.125000 1.000000
vt 0.125000 0.500000
vt 0.093750 1.000000
vt 0.093750 0.500000
vt 0.062500 1.000000
vt 0.062500 0.500000
vt 0.296822 0.485388
vt 0.250000 0.490000
vt 0.203178 0.485388
vt 0.158156 0.471731
vt 0.116663 0.449553
vt 0.080294 0.419706
vt 0.050447 0.383337
vt 0.028269 0.341844
vt 0.014612 0.296822
vt 0.010000 0.250000
vt 0.014612 0.203178
vt 0.028269 0.158156
vt 0.050447 0.116663
vt 0.080294 0.080294
vt 0.116663 0.050447
vt 0.158156 0.028269
vt 0.203178 0.014612
vt 0.250000 0.010000
vt 0.296822 0.014612
vt 0.341844 0.028269
vt 0.383337 0.050447
vt 0.419706 0.080294
vt 0.449553 0.116663
vt 0.471731 0.158156
vt 0.485388 0.203178
vt 0.490000 0.250000
vt 0.485388 0.296822
vt 0.471731 0.341844
vt 0.449553 0.383337
vt 0.419706 0.419706
vt 0.383337 0.449553
vt 0.341844 0.471731
vt 0.031250 1.000000
vt 0.031250 0.500000
vt 0.000000 1.000000
vt 0.000000 0.500000
vt 0.750000 0.490000
vt 0.796822 0.485388
vt 0.841844 0.471731
vt 0.883337 0.449553
vt 0.919706 0.419706
vt 0.949553 0.383337
vt 0.971731 0.341844
vt 0.985388 0.296822
vt 0.990000 0.250000
vt 0.985388 0.203178
vt 0.971731 0.158156
vt 0.949553 0.116663
vt 0.919706 0.080294
vt 0.883337 0.050447
vt 0.841844 0.028269
vt 0.796822 0.014612
vt 0.750000 0.010000
vt 0.703178 0.014612
vt 0.658156 0.028269
vt 0.616663 0.050447
vt 0.580294 0.080294
vt 0.550447 0.116663
vt 0.528269 0.158156
vt 0.514612 0.203178
vt 0.510000 0.250000
vt 0.514612 0.296822
vt 0.528269 0.341844
vt 0.550447 0.383337
vt 0.580294 0.419706
vt 0.616663 0.449553
vt 0.658156 0.471731
vt 0.703178 0.485388
vt 0.296822 0.485388
vt 0.250000 0.490000
vt 0.203178 0.485388
vt 0.158156 0.471731
vt 0.116663 0.449553
vt 0.080294 0.419706
vt 0.050447 0.383337
vt 0.028269 0.341844
vt 0.014612 0.203178
vt 0.028269 0.158156
vt 0.050447 0.116663
vt 0.080294 0.080294
vt 0.116663 0.050447
vt 0.158156 0.028269
vt 0.203178 0.014612
vt 0.250000 0.010000
vt 0.296822 0.014612
vt 0.341844 0.028269
vt 0.383337 0.050447
vt 0.419706 0.080294
vt 0.449553 0.116663
vt 0.485388 0.203178
vt 0.490000 0.250000
vt 0.485388 0.296822
vt 0.449553 0.383337
vt 0.419706 0.419706
vt 0.383337 0.449553
vt 0.750000 0.490000
vt 0.796822 0.485388
vt 0.883337 0.449553
vt 0.919706 0.419706
vt 0.949553 0.383337
vt 0.985388 0.296822
vt 0.985388 0.203178
vt 0.949553 0.116663
vt 0.919706 0.080294
vt 0.883337 0.050447
vt 0.841844 0.028269
vt 0.796822 0.014612
vt 0.750000 0.010000
vt 0.703178 0.014612
vt 0.658156 0.028269
vt 0.616663 0.050447
vt 0.580294 0.080294
vt 0.550447 0.116663
vt 0.528269 0.158156
vt 0.514612 0.203178
vt 0.528269 0.341844
vt 0.580294 0.419706
vt 0.616663 0.449553
vt 0.658156 0.471731
vt 0.703178 0.485388
s 0
usemtl Material.004
f 911/615/565 912/616/565 914/617/565 913/618/565
f 913/618/566 914/617/566 916/619/566 915/620/566
f 915/620/567 916/619/567 918/621/567 917/622/567
f 917/622/568 918/621/568 920/623/568 919/624/568
f 919/624/569 920/623/569 922/625/569 921/626/569
f 921/626/570 922/625/570 924/627/570 923/628/570
f 923/628/571 924/627/571 926/629/571 925/630/571
f 925/630/572 926/629/572 928/631/572 927/632/572
f 927/632/573 928/631/573 930/633/573 929/634/573
f 929/634/574 930/633/574 932/635/574 931/636/574
f 931/636/575 932/635/575 934/637/575 933/638/575
f 933/638/576 934/637/576 936/639/576 935/640/576
f 935/640/577 936/639/577 938/641/577 937/642/577
f 937/642/578 938/641/578 940/643/578 939/644/578
f 939/644/579 940/643/579 942/645/579 941/646/579
f 941/646/580 942/645/580 944/647/580 943/648/580
f 943/648/581 944/647/581 946/649/581 945/650/581
f 945/650/582 946/649/582 948/651/582 947/652/582
f 947/652/583 948/651/583 950/653/583 949/654/583
f 949/654/584 950/653/584 952/655/584 951/656/584
f 951/656/585 952/655/585 954/657/585 953/658/585
f 953/658/586 954/657/586 956/659/586 955/660/586
f 955/660/587 956/659/587 958/661/587 957/662/587
f 957/662/588 958/661/588 960/663/588 959/664/588
f 959/664/589 960/663/589 962/665/589 961/666/589
f 961/666/590 962/665/590 964/667/590 963/668/590
f 963/668/591 964/667/591 966/669/591 965/670/591
f 965/670/592 966/669/592 968/671/592 967/672/592
f 967/672/593 968/671/593 970/673/593 969/674/593
f 969/674/594 970/673/594 972/675/594 971/676/594
f 914/677/595 912/678/595 974/679/595 972/680/595 970/681/595 968/682/595 966/683/595 964/684/595 962/685/595 960/686/595 958/687/595 956/688/595 954/689/595 952/690/595 950/691/595 948/692/595 946/693/595 944/694/595 942/695/595 940/696/595 938/697/595 936/698/595 934/699/595 932/700/595 930/701/595 928/702/595 926/703/595 924/704/595 922/705/595 920/706/595 918/707/595 916/708/595
f 971/676/596 972/675/596 974/709/596 973/710/596
f 973/710/597 974/709/597 912/711/597 911/712/597
f 911/713/598 913/714/598 915/715/598 917/716/598 919/717/598 921/718/598 923/719/598 925/720/598 927/721/598 929/722/598 931/723/598 933/724/598 935/725/598 937/726/598 939/727/598 941/728/598 943/729/598 945/730/598 947/731/598 949/732/598 951/733/598 953/734/598 955/735/598 957/736/598 959/737/598 961/738/598 963/739/598 965/740/598 967/741/598 969/742/598 971/743/598 973/744/598
f 975/615/599 976/616/599 978/617/599 977/618/599
f 977/618/600 978/617/600 980/619/600 979/620/600
f 979/620/601 980/619/601 982/621/601 981/622/601
f 981/622/602 982/621/602 984/623/602 983/624/602
f 983/624/603 984/623/603 986/625/603 985/626/603
f 985/626/604 986/625/604 988/627/604 987/628/604
f 987/628/605 988/627/605 990/629/605 989/630/605
f 989/630/606 990/629/606 992/631/606 991/632/606
f 991/632/607 992/631/607 994/633/607 993/634/607
f 993/634/608 994/633/608 996/635/608 995/636/608
f 995/636/609 996/635/609 998/637/609 997/638/609
f 997/638/610 998/637/610 1000/639/610 999/640/610
f 999/640/611 1000/639/611 1002/641/611 1001/642/611
f 1001/642/612 1002/641/612 1004/643/612 1003/644/612
f 1003/644/613 1004/643/613 1006/645/613 1005/646/613
f 1005/646/614 1006/645/614 1008/647/614 1007/648/614
f 1007/648/615 1008/647/615 1010/649/615 1009/650/615
f 1009/650/616 1010/649/616 1012/651/616 1011/652/616
f 1011/652/617 1012/651/617 1014/653/617 1013/654/617
f 1013/654/618 1014/653/618 1016/655/618 1015/656/618
f 1015/656/619 1016/655/619 1018/657/619 1017/658/619
f 1017/658/620 1018/657/620 1020/659/620 1019/660/620
f 1019/660/621 1020/659/621 1022/661/621 1021/662/621
f 1021/662/622 1022/661/622 1024/663/622 1023/664/622
f 1023/664/623 1024/663/623 1026/665/623 1025/666/623
f 1025/666/624 1026/665/624 1028/667/624 1027/668/624
f 1027/668/625 1028/667/625 1030/669/625 1029/670/625
f 1029/670/626 1030/669/626 1032/671/626 1031/672/626
f 1031/672/627 1032/671/627 1034/673/627 1033/674/627
f 1033/674/628 1034/673/628 1036/675/628 1035/676/628
f 978/745/629 976/746/629 1038/747/629 1036/748/629 1034/749/629 1032/750/629 1030/751/629 1028/752/629 1026/685/629 1024/686/629 1022/753/629 1020/754/629 1018/755/629 1016/756/629 1014/757/629 1012/758/629 1010/759/629 1008/760/629 1006/761/629 1004/762/629 1002/763/629 1000/764/629 998/765/629 996/700/629 994/766/629 992/767/629 990/768/629 988/704/629 986/769/629 984/770/629 982/771/629 980/708/629
f 1035/676/630 1036/675/630 1038/709/630 1037/710/630
f 1037/710/631 1038/709/631 976/711/631 975/712/631
f 975/772/632 977/773/632 979/715/632 981/774/632 983/775/632 985/776/632 987/719/632 989/777/632 991/721/632 993/778/632 995/723/632 997/779/632 999/780/632 1001/781/632 1003/782/632 1005/783/632 1007/784/632 1009/785/632 1011/786/632 1013/787/632 1015/788/632 1017/789/632 1019/790/632 1021/791/632 1023/737/632 1025/738/632 1027/792/632 1029/740/632 1031/793/632 1033/794/632 1035/795/632 1037/796/632
o Cuero
v 0.458974 0.035030 0.465733
v 0.458974 0.589532 0.465733
v -0.412727 0.035030 0.465733
v -0.412727 0.589532 0.465733
v -0.412727 0.035030 0.410143
v 0.458974 0.035030 0.410143
v 0.458974 0.589532 0.410143
v -0.412727 0.589532 0.410143
v -0.417584 1.164337 1.036244
v -0.417584 0.580368 0.463910
v 0.461744 1.164337 1.036244
v 0.461744 0.580368 0.463910
v 0.461744 1.209794 0.989863
v -0.417584 1.209794 0.989863
v -0.417584 0.625824 0.417529
v 0.461744 0.625824 0.417529
vn -0.0000 -0.0000 -1.0000
vn -0.0000 -0.0000 1.0000
vn -0.0000 -1.0000 -0.0000
vn -0.0000 1.0000 -0.0000
vn 1.0000 -0.0000 -0.0000
vn -1.0000 -0.0000 -0.0000
vn -0.0000 0.7000 -0.7142
vn -0.0000 -0.7000 0.7142
vn -0.0000 0.7142 0.7000
vn -0.0000 -0.7142 -0.7000
vt 0.000000 0.000000
vt 0.000000 1.000000
vt 1.000000 1.000000
vt 1.000000 0.000000
s 0
usemtl Material.009
f 1039/797/633 1041/798/633 1042/799/633 1040/800/633
f 1044/797/634 1045/800/634 1046/799/634 1043/798/634
f 1040/800/635 1042/799/635 1046/799/635 1045/800/635
f 1041/798/636 1039/797/636 1044/797/636 1043/798/636
f 1042/799/637 1041/798/637 1043/798/637 1046/799/637
f 1039/797/638 1040/800/638 1045/800/638 1044/797/638
f 1047/797/639 1049/798/639 1050/799/639 1048/800/639
f 1052/797/640 1053/800/640 1054/799/640 1051/798/640
f 1050/799/638 1049/798/638 1051/798/638 1054/799/638
f 1047/797/637 1048/800/637 1053/800/637 1052/797/637
f 1048/800/641 1050/799/641 1054/799/641 1053/800/641
f 1049/798/642 1047/797/642 1052/797/642 1051/798/642
o Cube
v -0.568576 1.000000 0.127567
v -0.568576 1.000000 0.187920
v 0.580156 1.000000 0.127567
v 0.580156 1.000000 0.187920
v -0.568576 -1.077483 0.127567
v -0.568576 -1.077483 0.187920
v 0.580156 -1.077483 0.127567
v 0.580156 -1.077483 0.187920
vn -0.0000 1.0000 -0.0000
vn 1.0000 -0.0000 -0.0000
vn -0.0000 -1.0000 -0.0000
vn -1.0000 -0.0000 -0.0000
vn -0.0000 -0.0000 -1.0000
vn -0.0000 -0.0000 1.0000
vt 0.375000 0.000000
vt 0.625000 0.000000
vt 0.625000 0.250000
vt 0.375000 0.250000
vt 0.625000 0.500000
vt 0.375000 0.500000
vt 0.625000 0.750000
vt 0.375000 0.750000
vt 0.625000 1.000000
vt 0.375000 1.000000
vt 0.125000 0.500000
vt 0.125000 0.750000
vt 0.875000 0.500000
vt 0.875000 0.750000
s 0
usemtl Material.003
f 1055/801/643 1056/802/643 1058/803/643 1057/804/643
f 1057/804/644 1058/803/644 1062/805/644 1061/806/644
f 1061/806/645 1062/805/645 1060/807/645 1059/808/645
f 1059/808/646 1060/807/646 1056/809/646 1055/810/646
f 1057/811/647 1061/806/647 1059/808/647 1055/812/647
f 1062/805/648 1058/813/648 1056/814/648 1060/807/648
o Parachoques
v -0.248260 -1.488593 0.100057
v -0.248260 -1.488593 0.234644
v 0.229982 -1.488593 0.100057
v 0.229982 -1.488593 0.234644
v -0.248260 -1.601375 0.100057
v -0.248260 -1.601375 0.234644
v 0.229982 -1.601375 0.100057
v 0.229982 -1.601375 0.234644
v -0.564521 -1.087294 0.100057
v -0.564521 -1.087294 0.281131
v -0.247445 -1.491039 0.100057
v -0.247445 -1.491039 0.234644
v -0.653219 -1.156953 0.100057
v -0.653219 -1.156953 0.281131
v -0.336143 -1.560697 0.100057
v -0.336143 -1.560697 0.234644
v 0.313892 -1.563023 0.100057
v 0.313892 -1.563023 0.232203
v 0.690987 -1.147660 0.100057
v 0.690987 -1.147660 0.283092
v 0.230390 -1.487214 0.100057
v 0.230390 -1.487214 0.232203
v 0.607485 -1.071851 0.100057
v 0.607485 -1.071851 0.283092
vn -0.0000 1.0000 -0.0000
vn 0.4157 -0.9095 -0.0000
vn -0.0000 -1.0000 -0.0000
vn -0.4200 -0.9075 -0.0000
vn -0.0000 -0.0000 -1.0000
vn -0.0000 -0.0000 1.0000
vn 0.7865 0.6176 -0.0000
vn -0.7865 -0.6176 -0.0000
vn -0.6176 0.7865 -0.0000
vn 0.0557 -0.0709 0.9959
vn -0.7404 0.6722 -0.0000
vn -0.6722 -0.7404 -0.0000
vn 0.7404 -0.6722 -0.0000
vn 0.0607 0.0669 -0.9959
vn 0.0478 0.0212 0.9986
vn -0.9589 0.2836 -0.0000
vn -0.9486 -0.3165 -0.0000
vt 0.375000 0.000000
vt 0.625000 0.000000
vt 0.625000 0.250000
vt 0.375000 0.250000
vt 0.625000 0.500000
vt 0.375000 0.500000
vt 0.625000 0.750000
vt 0.375000 0.750000
vt 0.125000 0.500000
vt 0.125000 0.750000
vt 0.875000 0.500000
vt 0.875000 0.750000
vt 0.625000 1.000000
vt 0.375000 1.000000
s 0
usemtl Material
f 1063/815/649 1064/816/649 1066/817/649 1065/818/649
f 1079/815/650 1080/816/650 1070/819/650 1069/820/650
f 1069/820/651 1070/819/651 1068/821/651 1067/822/651
f 1078/819/652 1077/820/652 1067/822/652 1068/821/652
f 1065/823/653 1069/820/653 1067/822/653 1063/824/653
f 1070/819/654 1066/825/654 1064/826/654 1068/821/654
f 1071/815/655 1072/816/655 1074/817/655 1073/818/655
f 1074/825/654 1078/819/654 1068/821/654 1064/826/654
f 1077/820/656 1078/819/656 1076/821/656 1075/822/656
f 1075/822/657 1076/821/657 1072/827/657 1071/828/657
f 1073/823/653 1077/820/653 1075/822/653 1071/824/653
f 1078/819/658 1074/825/658 1072/826/658 1076/821/658
f 1079/815/659 1080/816/659 1082/817/659 1081/818/659
f 1081/818/660 1082/817/660 1086/819/660 1085/820/660
f 1085/820/661 1086/819/661 1084/821/661 1083/822/661
f 1083/822/653 1079/824/653 1069/820/653 1065/823/653
f 1081/823/654 1085/820/654 1083/822/654 1079/824/654
f 1086/819/662 1082/825/662 1080/826/662 1084/821/662
f 1080/826/663 1084/821/663 1066/825/663 1070/819/663
f 1084/821/664 1083/822/664 1065/818/664 1066/817/664
f 1077/820/653 1073/823/653 1063/824/653 1067/822/653
f 1073/818/665 1074/817/665 1064/816/665 1063/815/665
